customer_id,first_name,last_name,email,phone,status,created_at
1,Danielle,Johnson,john21@example.net,001-581-896-0013x3890,ACTIVE,2025-03-14 00:47:22.026828
2,Bridget,Pacheco,blakeerik@example.com,942-335-1161x55940,ACTIVE,2026-09-14 20:19:43.522671
3,Nicholas,Arnold,barbara10@example.net,441.731.6475,INACTIVE,2025-06-20 12:33:56.391230
4,Elizabeth,Miles,lynchgeorge@example.net,527.264.8350,ACTIVE,2026-05-15 01:48:24.605692
5,Richard,Jones,jason76@example.net,724.523.8849x696,ACTIVE,2026-10-02 12:46:01.563997
6,Devon,Snyder,callahaneric@example.org,+1-669-716-6978x48018,ACTIVE,2024-12-24 11:48:33.984782
7,Ryan,Chavez,teresa28@example.org,+1-948-293-2528x8095,ACTIVE,2024-12-24 17:20:29.549744
8,Michael,Galloway,john39@example.org,671-882-2782,ACTIVE,2026-09-08 10:52:40.266140
9,Sarah,Campos,jenniferross@example.net,+1-557-587-1331x5098,INACTIVE,2024-10-09 06:11:47.814942
10,Jean,Brown,whiteheadmichele@example.org,334.373.8299x73763,ACTIVE,2026-01-28 09:05:58.309977
11,Michael,Jenkins,nuneztracey@example.org,4658133387,ACTIVE,2025-02-15 00:57:16.008992
12,Steven,Baxter,ramosmichelle@example.net,908-501-3267,ACTIVE,2026-06-27 14:45:57.433415
13,Rachel,Martin,gallowayjoseph@example.com,268-272-3430x9805,ACTIVE,2025-12-04 17:39:05.250914
14,Wesley,Farrell,brianromero@example.org,291-336-1939,ACTIVE,2025-08-06 05:46:48.955753
15,Brandy,Mills,james53@example.com,(524)675-1079x9118,ACTIVE,2025-01-08 18:17:43.045040
16,Michael,Jones,mikemoore@example.net,001-449-680-8412x411,ACTIVE,2025-04-27 19:44:45.549482
17,Jason,Cooper,william40@example.org,+1-264-300-5242x7868,INACTIVE,2024-11-27 23:16:10.255938
18,Nicole,Mckee,davenportbrandi@example.org,(420)545-0533x15869,ACTIVE,2026-06-27 13:58:56.399419
19,Theresa,Cochran,vjohnson@example.com,(534)221-6073x37543,INACTIVE,2026-01-29 03:30:54.798476
20,Raymond,Ramirez,rasmussenjoshua@example.net,768.750.1429x40196,INACTIVE,2025-08-18 18:46:42.170639
21,Tracey,Wilson,jonathanfletcher@example.org,783.856.1595x14846,ACTIVE,2026-02-25 07:15:12.727423
22,Angela,Lee,lbyrd@example.net,001-746-980-4436,ACTIVE,2025-08-22 17:18:38.403694
23,Emma,Dixon,donnacampbell@example.net,+1-395-913-4332x0037,INACTIVE,2025-08-02 17:54:40.143256
24,Crystal,Lee,psnyder@example.org,+1-401-963-2870x8317,INACTIVE,2026-02-03 15:46:57.533412
25,Vanessa,Larson,usalazar@example.net,(387)627-7434x87347,INACTIVE,2025-03-24 07:09:32.870207
26,Matthew,Orozco,taylorjesse@example.net,(231)566-5876,ACTIVE,2026-06-04 09:58:42.495218
27,Perry,Carrillo,gateskathy@example.com,805.946.6889x3734,ACTIVE,2024-10-25 04:58:46.161012
28,Matthew,Shelton,dramsey@example.org,+1-280-669-9016x272,INACTIVE,2025-07-07 22:23:50.117530
29,Jason,Murphy,aramirez@example.com,270-580-5310,ACTIVE,2025-02-26 15:13:33.844189
30,Andrew,Hernandez,thomaswilson@example.org,645.829.9124x190,ACTIVE,2025-07-20 18:05:07.988335
31,Jennifer,Jones,curtisbarton@example.net,+1-819-905-8651x850,INACTIVE,2024-12-20 02:23:13.557302
32,Susan,Reid,bzimmerman@example.org,001-684-998-7769x4531,ACTIVE,2025-03-31 03:25:37.341202
33,Steven,Bishop,frogers@example.com,(273)554-5494,INACTIVE,2024-12-05 13:03:20.277375
34,Jennifer,Freeman,hannahbrewer@example.com,701.843.6349x578,INACTIVE,2026-10-02 00:35:40.994916
35,,Bell,qnelson@example.org,635-618-2337,INACTIVE,2026-09-20 05:58:19.221398
36,Marissa,Phillips,harry08@example.org,900-984-2710x947,ACTIVE,2025-06-09 21:13:23.334878
37,Tammy,King,ewilson@example.com,519.802.2941x3186,INACTIVE,2025-08-29 02:20:01.065351
38,Scott,Dalton,ntorres@example.org,+1-213-834-1232x812,ACTIVE,2025-08-29 02:08:41.947286
39,Brittney,Carter,keithcampbell@example.com,434-693-6183,INACTIVE,2026-05-30 20:13:51.548902
40,Charles,Martin,brooke94@example.com,374-264-8877,ACTIVE,2026-07-15 17:03:55.619518
41,Jessica,Munoz,davissuzanne@example.net,001-604-490-2787,INACTIVE,2026-10-02 06:05:59.317683
42,Ryan,Olsen,harrisonricky@example.com,+1-712-356-7468x07154,INACTIVE,2026-09-12 16:56:35.590261
43,Richard,Robertson,sandovalamy@example.com,6384597703,ACTIVE,2026-08-12 15:38:37.816719
44,Samuel,Wolfe,johnsoncrystal@example.org,001-424-980-8613x171,ACTIVE,2026-08-16 06:57:21.783865
45,Kelly,Thornton,edavenport@example.org,682.263.9821x465,ACTIVE,2025-04-28 14:43:39.251929
46,Kenneth,Matthews,cgrimes@example.net,855.288.6753x3963,ACTIVE,2025-05-24 10:14:41.719933
47,Thomas,Mcintyre,qhughes@example.net,(370)928-9517,INACTIVE,2024-10-15 05:11:49.191292
48,Douglas,Pitts,charlesharrington@example.com,696-515-8657x80913,ACTIVE,2026-04-02 12:04:47.177656
49,Ryan,Garcia,wallaceheather@example.org,8504455623,ACTIVE,2025-02-05 04:12:07.275917
50,Christian,Pitts,tyleraguilar@example.org,647.840.7482x175,ACTIVE,2026-02-20 06:22:31.539874
51,Stephen,Turner,gcastaneda@example.org,(995)694-4064x0909,INACTIVE,2026-04-23 16:02:55.595451
52,Jerry,Pham,danaoliver@example.net,001-421-504-7095x21456,INACTIVE,2025-01-08 13:05:32.694617
53,Amber,Mata,maria47@example.com,001-651-371-2368x5160,INACTIVE,2025-09-01 05:13:14.227373
54,Emily,Chambers,xcarson@example.org,+1-437-209-8593x17461,INACTIVE,2026-08-26 05:31:59.760222
55,Kevin,Vasquez,youngamanda@example.com,258.769.2617x964,ACTIVE,2025-03-11 17:11:53.161608
56,Sean,Young,cory58@example.net,(706)543-1713x900,INACTIVE,2026-09-26 07:39:49.433922
57,Kristin,Harris,brendali@example.org,729-504-2284x21020,INACTIVE,2025-12-08 03:37:01.407949
58,Alfred,Baker,judyfox@example.net,577-258-9178,ACTIVE,2026-03-19 05:48:19.538689
59,Regina,Hopkins,stephen00@example.com,(761)877-1159x2124,INACTIVE,2026-09-30 13:28:00.019951
60,Alyssa,Chavez,sgarcia@example.org,+1-883-767-3657x6615,ACTIVE,2026-02-01 20:28:55.492237
61,Nicholas,Hernandez,fjones@example.org,(215)628-0988x51656,ACTIVE,2025-12-16 14:13:54.481026
62,Michael,Lane,ericolson@example.org,(285)614-9368x998,ACTIVE,2024-10-25 03:43:24.782221
63,Joshua,Farmer,michael22@example.net,+1-661-720-1836x67525,ACTIVE,2026-04-24 11:14:22.149374
64,Ashley,Miller,moorekaren@example.org,+1-814-376-7976x43815,INACTIVE,2025-04-28 21:52:17.158521
65,Erika,Tucker,brandon69@example.org,2349324451,INACTIVE,2026-04-02 16:25:23.962689
66,Gregory,James,vincentwhitaker@example.com,860-860-7159,INACTIVE,2026-03-06 06:43:31.845010
67,Robert,Wilson,burchgeorge@example.net,651.761.3696x816,ACTIVE,2025-03-14 20:37:30.935005
68,Kimberly,Jones,schmidtjames@example.com,(923)912-4329x212,INACTIVE,2026-04-08 02:42:44.467242
69,Kathleen,Cole,michelle52@example.com,377-644-9058,ACTIVE,2025-09-06 07:10:40.489549
70,Benjamin,Wood,chase19@example.net,267.998.0793x59782,ACTIVE,2024-12-18 14:40:31.833052
71,Rachel,Cooper,wagnergerald@example.org,001-777-288-9255x466,ACTIVE,2026-05-03 12:28:40.846889
72,Deborah,Jones,grantpaul@example.com,001-692-851-9254x6291,INACTIVE,2026-01-17 01:32:43.059343
73,Mark,Anderson,lucasrodney@example.com,4544235733,INACTIVE,2024-11-29 08:57:05.387401
74,Megan,Garcia,stanleynancy@example.net,(296)822-2927,INACTIVE,2025-06-27 02:51:09.873359
75,Jennifer,Montes,karen73@example.net,847.835.9774,ACTIVE,2026-09-09 20:16:47.031855
76,Lisa,Solis,moniquewilliams@example.com,(881)381-4124x782,ACTIVE,2026-08-26 08:11:35.975521
77,Jeffrey,Hayes,sarah60@example.com,653.961.5305x15220,INACTIVE,2026-02-24 11:19:48.960975
78,Dominic,Thornton,fgilbert@example.org,232-589-8614x341,ACTIVE,2025-08-06 16:18:36.700568
79,Laura,Bryant,copelandvincent@example.net,7895324609,INACTIVE,2025-11-24 20:43:57.462598
80,Jacob,Barnett,carlos88@example.net,380.767.0654x05153,INACTIVE,2025-01-09 11:00:11.414120
81,Michael,Morgan,mariacohen@example.net,822.917.0430x3054,INACTIVE,2025-04-07 01:06:20.227330
82,Karen,Lee,michelle05@example.com,956-767-6527,ACTIVE,2026-08-10 04:41:51.754768
83,April,Owen,mmiller@example.org,+1-845-411-5447,INACTIVE,2026-02-19 20:45:20.924410
84,Michael,Williams,christina64@example.net,9162582029,ACTIVE,2025-01-04 05:08:04.104360
85,Joel,Brewer,patrick90@example.net,(775)857-1928,ACTIVE,2025-05-21 15:47:05.747634
86,Joshua,Horne,fitzgeraldvictor@example.com,+1-514-347-3947,INACTIVE,2025-01-11 03:39:20.692040
87,Charles,Thompson,zosborn@example.net,451-588-4422x58313,INACTIVE,2026-05-04 08:34:17.042844
88,Anthony,Spencer,tanner82@example.net,314-467-8669,INACTIVE,2026-09-14 07:25:29.958261
89,Dawn,Cole,david89@example.org,001-626-380-1824x22535,INACTIVE,2025-04-05 01:37:20.151487
90,Cynthia,Pierce,colleenmendez@example.org,629.592.2995x90010,ACTIVE,2026-04-17 06:05:14.429480
91,Robert,Fowler,ismall@example.com,+1-947-536-4710x2767,ACTIVE,2025-06-09 12:13:23.137278
92,Douglas,Hensley,jessica56@example.org,001-258-681-5371x47321,INACTIVE,2026-08-25 14:09:51.954848
93,Michelle,Barnes,lisapeck@example.net,532-578-7747x01687,ACTIVE,2025-12-04 03:02:21.278173
94,Brandon,Campbell,amitchell@example.org,(624)356-5060x98358,ACTIVE,2025-07-13 05:24:44.747594
95,Shannon,Pierce,andersoncolin@example.com,985-923-9868x00025,ACTIVE,2025-01-20 19:17:11.463407
96,Patricia,Taylor,francisco94@example.net,688-287-9470x55169,ACTIVE,2025-12-14 00:51:47.332993
97,Joseph,Rios,jennifersilva@example.org,896.523.0913x07562,ACTIVE,2025-07-30 18:40:12.132721
98,Kimberly,Knapp,thorntonapril@example.net,578-565-2785x85497,INACTIVE,2025-04-25 19:32:11.356829
99,Kenneth,David,kellie37@example.com,258.644.1986x6524,ACTIVE,2026-09-01 20:13:54.571965
100,Christian,Bradshaw,julie33@example.net,584-221-9933x083,INACTIVE,2024-12-16 04:45:10.082665
101,Mark,Kennedy,adampierce@example.org,(877)434-5401x93802,INACTIVE,2026-08-17 05:12:47.532894
102,Benjamin,Huff,vlopez@example.com,9044991547,INACTIVE,2026-06-17 16:30:03.981070
103,Taylor,Lee,riverajessica@example.net,720-354-9329x668,INACTIVE,2025-07-23 19:20:46.887717
104,Cody,Holden,pmorris@example.org,563-274-5499x045,ACTIVE,2026-02-03 19:26:09.258335
105,Steven,Moore,hannah45@example.net,932.572.7956,ACTIVE,2026-04-13 12:41:14.792977
106,Erin,Larson,foxallison@example.com,491-408-8398,INACTIVE,2025-05-31 16:31:52.342349
107,Abigail,Wilson,jenniferburns@example.net,207.828.6790x874,INACTIVE,2025-04-07 21:09:07.570822
108,Aaron,Robinson,williamsmelvin@example.org,+1-801-770-4622,ACTIVE,2026-09-29 06:24:56.134550
109,Patrick,Kane,rbennett@example.net,+1-525-212-8682,INACTIVE,2026-04-09 09:06:17.326676
110,Tiffany,Ford,opatel@example.org,352.343.1069x033,INACTIVE,2025-12-11 20:52:26.321502
111,Sean,Powers,sanchezbradley@example.com,783.702.8439,ACTIVE,2025-03-26 01:25:05.165568
112,,Odom,roberthill@example.net,001-726-887-0568,INACTIVE,2025-07-29 05:32:03.125577
113,Kevin,White,oallen@example.com,001-627-508-6688x263,ACTIVE,2025-06-02 06:08:33.200731
114,Christian,Cole,christopher30@example.com,(299)501-3983x7354,INACTIVE,2026-08-19 13:57:55.474392
115,Suzanne,Wilson,srocha@example.net,001-636-738-5467x854,ACTIVE,2025-10-13 14:35:01.339927
116,Tyler,Garcia,ugill@example.org,(856)609-3204x899,ACTIVE,2025-01-23 08:08:02.269137
117,Mark,James,victorpena@example.net,247-377-2522x87280,INACTIVE,2026-08-25 10:42:52.391011
118,Elizabeth,Duran,otaylor@example.org,920-938-7509,ACTIVE,2024-10-15 11:55:55.427811
119,Amanda,Jenkins,morenojoshua@example.com,5866211823,ACTIVE,2026-05-22 12:04:39.622280
120,Joseph,Sanders,susan79@example.org,001-234-410-1666x870,INACTIVE,2024-12-03 09:44:37.277559
121,Megan,Newman,ariel18@example.org,239.474.0148,ACTIVE,2026-08-13 10:48:58.735588
122,Leonard,Ali,karenmarquez@example.com,842-493-9685,ACTIVE,2026-05-04 10:45:47.768479
123,Hannah,Miller,brian63@example.org,899-496-5047x73586,INACTIVE,2026-02-12 12:12:51.394491
124,Donna,Miller,lauren11@example.com,(662)965-5110,INACTIVE,2025-06-23 22:01:51.891114
125,Joseph,Anderson,ryanhawkins@example.net,(810)315-8199x56046,ACTIVE,2026-03-17 11:44:40.654862
126,Anita,Haney,ashleyjackson@example.com,(824)644-7212,ACTIVE,2025-08-07 14:41:39.730368
127,Todd,Jones,sheryl79@example.net,871.724.0659,INACTIVE,2025-08-21 13:54:26.028665
128,Ryan,Colon,kevinmorrison@example.net,575.726.5479,INACTIVE,2025-07-05 16:57:04.793687
129,Lisa,Long,frederickjames@example.net,(980)473-7416,ACTIVE,2026-01-09 15:28:25.405272
130,John,Hopkins,emccormick@example.com,+1-379-368-8680x589,ACTIVE,2026-04-18 17:03:48.772688
131,Diane,Kelly,hartdeanna@example.net,(556)910-1438x8899,ACTIVE,2025-07-04 07:00:53.867315
132,Steven,Frazier,michaeljohnson@example.org,961-312-5457x3875,ACTIVE,2025-08-20 01:50:42.676548
133,Heather,Flores,bradley10@example.com,+1-812-438-2825x8673,ACTIVE,2025-02-17 03:46:34.990057
134,Diane,Foster,shannonjordan@example.org,001-933-341-9182x553,INACTIVE,2025-04-13 15:35:02.677988
135,Michelle,Rose,candice96@example.net,355-479-2499,ACTIVE,2025-05-20 18:45:08.739380
136,John,Wilson,heather86@example.com,+1-629-466-2782x827,ACTIVE,2025-02-17 16:15:09.987697
137,Megan,Harvey,stephanie72@example.org,(588)676-7677x2190,ACTIVE,2024-10-27 21:19:29.448954
138,Jeffrey,Roberts,xcunningham@example.com,+1-281-991-4858,INACTIVE,2025-11-07 02:32:01.106273
139,Veronica,Garcia,kennethkidd@example.com,451-571-3395x962,ACTIVE,2026-05-21 06:32:43.387110
140,Linda,Hudson,candice25@example.net,449-748-1260x4223,INACTIVE,2026-06-01 04:40:32.057130
141,Kathleen,Lowe,othomas@example.com,+1-266-371-1684x5775,INACTIVE,2026-03-21 22:28:41.370495
142,Stephen,Beck,melissa86@example.org,(237)345-4589x29750,ACTIVE,2026-01-04 10:00:32.738559
143,Mary,Smith,scottsmith@example.com,724.424.1541,ACTIVE,2024-11-10 20:02:23.733740
144,Connie,Barber,rubendavis@example.org,2372129387,INACTIVE,2026-02-24 03:00:17.554105
145,Lisa,Mcneil,ebenson@example.org,861.411.5542,INACTIVE,2026-01-15 15:56:07.285295
146,Erica,Jones,bishopfrank@example.com,001-732-869-7311x2196,INACTIVE,2025-05-21 17:51:27.455713
147,Donald,Hill,wrightcarolyn@example.net,+1-540-943-8983x640,INACTIVE,2025-07-12 21:17:27.418046
148,John,Little,ricetiffany@example.com,626-596-5827x10910,INACTIVE,2024-11-02 02:21:20.535721
149,Bruce,Mccormick,courtney86@example.com,001-561-488-9241x418,ACTIVE,2025-10-30 19:51:55.157734
150,Peter,Walters,collinssamuel@example.org,6314617990,ACTIVE,2024-12-30 06:08:51.872077
151,Jean,Miles,tylerreed@example.net,001-642-352-4105x6481,ACTIVE,2025-10-01 10:21:04.699856
152,William,Brown,michaelscott@example.org,001-913-780-0030,ACTIVE,2025-07-10 18:20:33.332062
153,Edward,Velazquez,tranrobin@example.net,+1-263-453-6541x9518,INACTIVE,2025-03-16 00:54:13.095127
154,Zachary,Williams,djones@example.com,001-945-718-7053x49493,ACTIVE,2025-12-10 05:22:18.257818
155,Trevor,Barton,jessicapayne@example.org,(206)803-8505,ACTIVE,2026-06-16 04:29:44.637517
156,Jessica,Garcia,robertwoodward@example.org,001-441-803-8657x191,ACTIVE,2024-11-27 16:01:20.677500
157,Ashley,Graham,joelgreen@example.com,(455)974-3132x9121,ACTIVE,2025-09-09 10:47:05.289228
158,Richard,Herrera,shannonford@example.org,524-790-3521,ACTIVE,2025-07-20 10:53:52.800495
159,Brandon,Evans,anthonysullivan@example.com,+1-283-517-1210,ACTIVE,2025-01-07 11:46:01.484705
160,Madison,Watson,aguilarjonathan@example.org,9132721510,ACTIVE,2025-02-03 17:14:11.221423
161,Audrey,Underwood,ycrawford@example.net,(625)932-4472x09993,ACTIVE,2025-07-31 22:58:47.576291
162,Andrea,Brown,patrick63@example.net,638.406.5787x59856,ACTIVE,2024-10-23 01:03:13.386519
163,Carla,Johnson,brian78@example.com,001-493-421-3348x03965,INACTIVE,2025-03-25 19:13:52.292910
164,Louis,Rojas,robin05@example.net,001-229-337-8427,ACTIVE,2024-11-14 00:50:25.031144
165,Carolyn,Smith,nsmith@example.org,(352)750-0292,ACTIVE,2026-09-05 16:11:06.789884
166,Nathaniel,Mcmahon,vwillis@example.com,622-667-5289x53926,INACTIVE,2025-01-05 00:44:26.451225
167,Jessica,Rush,xrosales@example.net,4297593917,INACTIVE,2026-04-01 11:07:54.268551
168,John,Haas,daisymccarty@example.net,+1-957-804-3315x41006,ACTIVE,2026-09-11 21:57:29.903957
169,Nicole,Snyder,ybell@example.org,793.427.1040x5411,ACTIVE,2026-07-14 14:54:54.204073
170,Eugene,Jones,morgantricia@example.com,001-806-629-6201x533,INACTIVE,2026-01-29 13:24:55.604999
171,Kenneth,Davis,farmstrong@example.org,3502614973,ACTIVE,2025-03-04 04:19:50.293067
172,Danielle,Rowland,tanthony@example.com,674.918.6256x5270,INACTIVE,2025-09-08 17:18:11.294144
173,Jeremy,Adams,hernandezheather@example.org,858-969-3806,INACTIVE,2025-11-26 08:40:56.345753
174,Joe,Evans,torr@example.org,898.399.2172x23320,ACTIVE,2026-09-25 22:10:47.090162
175,Ryan,Osborn,maryscott@example.net,916-286-8548,ACTIVE,2026-05-01 13:33:30.720239
176,Cindy,Mills,jrodriguez@example.org,001-799-811-9148,ACTIVE,2025-04-14 22:50:48.812432
177,Diana,Armstrong,rjohnson@example.com,(999)660-6530,INACTIVE,2026-07-21 06:27:12.758139
178,Andrew,Roth,larry71@example.org,(947)554-6913,INACTIVE,2026-08-02 05:59:44.788677
179,Richard,Washington,lori82@example.org,986-228-9023x3030,INACTIVE,2026-08-05 14:36:37.189991
180,Janet,Hill,owagner@example.org,+1-603-357-9727x98552,INACTIVE,2025-04-30 05:49:47.107673
181,Paul,Martin,mercedesholland@example.net,246.580.0722,INACTIVE,2025-04-06 08:55:06.053883
182,Linda,Torres,rodney65@example.com,637-648-9691x085,ACTIVE,2026-02-15 22:55:58.286354
183,Timothy,Rogers,danielle44@example.net,001-943-628-3096x520,ACTIVE,2025-04-11 12:16:01.798872
184,Robert,Price,aguilarwanda@example.org,638-475-8428x24172,ACTIVE,2026-08-26 17:08:11.242016
185,Rachel,Pena,michaelgarner@example.com,(955)549-4717x09991,INACTIVE,2025-10-04 14:15:33.761679
186,Mikayla,James,robert22@example.org,969-672-5217x52500,INACTIVE,2025-03-05 22:55:17.241210
187,Kim,Johnston,tracygallagher@example.org,(296)566-6760,ACTIVE,2026-03-21 17:41:39.781905
188,Stephanie,Mcclain,andrewsmith@example.net,635.442.1689,ACTIVE,2024-11-20 16:42:39.664640
189,Brandon,Fry,mluna@example.net,262-457-5326x03323,ACTIVE,2025-01-01 23:20:49.286704
190,Jennifer,Conner,qmcdowell@example.net,+1-609-901-0016x761,ACTIVE,2026-02-28 16:56:48.925881
191,Jamie,Jennings,turnerdorothy@example.net,549.592.6189x14117,INACTIVE,2026-04-25 06:55:57.299797
192,Marie,Dudley,jade42@example.org,+1-373-975-3001,ACTIVE,2025-01-20 22:51:35.761878
193,Christopher,Hunt,conwaydawn@example.com,247-201-2045x5611,INACTIVE,2026-06-18 08:57:46.679024
194,Elizabeth,Jackson,patricia94@example.net,855-921-6674,ACTIVE,2026-05-11 07:34:38.258113
195,Deborah,Robles,andersonjessica@example.org,769-279-7296,INACTIVE,2026-06-26 02:23:40.993305
196,Nichole,Acosta,timothyfreeman@example.com,301.845.0899x358,INACTIVE,2026-01-30 08:58:10.486657
197,John,Reed,jhernandez@example.net,7025877217,ACTIVE,2025-06-02 17:13:11.378421
198,Joshua,Hunter,ppowell@example.org,879.871.7751x701,ACTIVE,2024-10-30 04:19:06.662493
199,Andrea,Petersen,pamela83@example.net,+1-375-350-3758x99757,INACTIVE,2026-04-11 16:09:47.471473
200,Jeffrey,Peterson,amy51@example.org,(372)861-4933,ACTIVE,2025-03-10 11:44:31.147483
201,Makayla,Lee,daniel60@example.net,+1-991-477-9827x08086,ACTIVE,2026-02-21 08:44:46.834801
202,Glenn,Ochoa,hughescaroline@example.com,666.793.4654x72269,ACTIVE,2026-03-08 00:22:11.259863
203,Selena,Chen,jasonklein@example.net,(822)688-5158x799,ACTIVE,2026-07-06 23:38:23.898932
204,Robert,Smith,johnsondustin@example.net,5342244204,ACTIVE,2025-06-23 00:22:42.966302
205,Shaun,Jensen,juliahoffman@example.org,540.766.6580x04397,ACTIVE,2026-04-08 14:18:58.009664
206,Amy,Morrison,kellythompson@example.net,622-481-6064,INACTIVE,2025-01-29 13:27:27.453106
207,Meghan,Smith,jmckinney@example.org,(759)309-4798,INACTIVE,2026-04-29 17:23:35.876474
208,Louis,Robinson,abigailhartman@example.org,(988)261-5335x55439,INACTIVE,2024-12-26 19:22:49.667612
209,Michael,Allen,susanfleming@example.com,(216)648-4085x8877,ACTIVE,2026-07-22 04:22:20.171794
210,James,Palmer,jacksonstephanie@example.net,+1-801-333-6138,INACTIVE,2026-04-02 14:15:42.213249
211,Eric,Stevens,benjamin10@example.org,281-893-4667x665,ACTIVE,2026-02-07 20:04:49.690401
212,Amanda,May,avilabrenda@example.net,958-814-4914,ACTIVE,2025-07-19 15:03:58.560041
213,Donna,Wells,derekmyers@example.net,824-350-8821x0099,INACTIVE,2025-05-14 13:49:45.512458
214,Kaitlin,Berger,jason82@example.org,(939)343-1290,ACTIVE,2025-05-04 07:42:47.993254
215,Carlos,Garcia,wlynn@example.org,+1-431-749-1357x75949,INACTIVE,2026-05-17 00:20:05.480116
216,Susan,Jackson,john36@example.com,(325)677-7547x812,INACTIVE,2026-06-23 06:41:09.244263
217,Donald,Ryan,jessica11@example.org,709.896.9308x48872,INACTIVE,2025-03-16 03:02:06.852254
218,Kelsey,Quinn,dennis88@example.org,(458)903-9282x7229,INACTIVE,2026-08-21 01:18:00.365908
219,Billy,Juarez,bryanwood@example.org,+1-438-856-7700x51844,INACTIVE,2026-01-24 12:03:07.572567
220,Michael,Valdez,blacknicholas@example.org,665.557.7908x27231,INACTIVE,2025-01-21 18:04:22.770106
221,Eric,Guzman,guerrerorobert@example.com,001-417-477-3926x0302,ACTIVE,2026-01-06 20:55:50.979047
222,Benjamin,Armstrong,jacksonsandra@example.net,(899)404-1379x7723,ACTIVE,2026-05-07 10:57:28.101133
223,Lori,White,gary57@example.net,001-813-466-2103,INACTIVE,2025-12-20 07:39:31.671475
224,Gregory,Valenzuela,richamanda@example.org,772-298-0686,ACTIVE,2026-02-25 14:52:08.774405
225,Roy,Mays,yclarke@example.com,001-691-862-4731,ACTIVE,2025-04-10 07:50:36.154554
226,Adam,Manning,lanedavid@example.org,(735)665-1269x4486,ACTIVE,2026-09-28 11:52:06.851911
227,,Harris,jwhite@example.net,844.795.6213x7213,INACTIVE,2026-05-12 00:18:48.675891
228,Christina,Cohen,martintamara@example.org,727-396-1143,ACTIVE,2025-12-22 21:19:54.979038
229,Jenny,Arias,hmendez@example.com,001-590-427-7038x430,ACTIVE,2026-02-08 08:48:07.898329
230,Michael,Pena,christopherhill@example.com,(766)793-8011x848,INACTIVE,2026-09-07 16:01:38.077056
231,Joshua,Obrien,shawnpowell@example.org,626-681-8184x518,ACTIVE,2026-02-23 02:22:07.611597
232,Tammy,Hart,katherineali@example.com,+1-279-607-1416x33565,ACTIVE,2025-04-03 08:27:48.677260
233,Christopher,Nunez,charles27@example.com,(539)542-3733x343,ACTIVE,2026-06-05 21:54:21.610316
234,Mary,Kelly,wilsonchristian@example.net,490.680.7595x7947,ACTIVE,2025-07-21 15:33:45.548287
235,Karen,Anderson,imendoza@example.org,356.727.1875x00369,ACTIVE,2025-06-25 03:34:07.266576
236,Michelle,Lopez,joel79@example.com,(427)563-6556x472,ACTIVE,2026-05-21 18:07:48.683950
237,Jennifer,Brock,mchase@example.org,001-627-202-6728x8574,ACTIVE,2025-07-22 00:43:16.277998
238,Hannah,Brown,thomas17@example.net,445-658-8450x61593,INACTIVE,2025-06-20 09:43:53.351430
239,Emily,Freeman,ypreston@example.net,572-725-6996x1125,ACTIVE,2025-05-23 11:29:15.034662
240,Kelly,Adams,cnelson@example.com,001-498-876-2202x3413,ACTIVE,2024-12-18 06:02:24.458468
241,Caleb,Johns,johnsonrandy@example.org,649-921-6433,ACTIVE,2026-01-04 15:17:20.147696
242,David,Roberson,johnsonmichael@example.com,878.648.7282x9979,ACTIVE,2026-07-29 22:56:04.884685
243,Timothy,Perez,ramosmichael@example.com,(240)908-2547,INACTIVE,2026-08-26 17:44:05.410479
244,Thomas,Smith,myates@example.org,4858368663,INACTIVE,2026-06-01 03:42:44.157565
245,Jeffrey,Miller,zacharymarsh@example.net,001-944-984-6312x241,INACTIVE,2025-04-20 19:03:18.822503
246,Cindy,Lopez,hernandeztara@example.org,(414)242-7031,ACTIVE,2025-09-29 13:19:48.310392
247,Matthew,Collins,dbolton@example.net,9514204618,INACTIVE,2025-02-21 09:33:11.898229
248,Mckenzie,Roth,martinezkayla@example.org,(473)203-7183x7645,ACTIVE,2026-04-01 00:17:02.844812
249,Andrea,Martinez,mlittle@example.com,3318365024,INACTIVE,2026-05-03 11:01:12.875304
250,Albert,Williams,jbarker@example.com,001-413-927-1950x05281,INACTIVE,2025-03-22 23:16:12.799644
251,Tina,Kramer,linda73@example.org,001-565-424-0778x487,ACTIVE,2025-11-05 02:37:29.000172
252,Mario,Mcdonald,caseymoore@example.com,585-770-8620x959,INACTIVE,2026-03-14 16:25:07.165352
253,Dominique,Ryan,rlee@example.com,001-482-294-5651x18102,INACTIVE,2025-02-28 14:52:58.118937
254,Todd,Garcia,hbarrett@example.net,001-994-205-3910x371,INACTIVE,2025-06-24 15:42:45.221753
255,Julia,Zamora,laura09@example.com,501.441.3811x38633,ACTIVE,2025-11-15 22:08:33.669941
256,Angela,Reese,emily61@example.org,(786)785-2897,ACTIVE,2025-11-09 19:53:32.400977
257,Wendy,Kirk,bduran@example.net,293-698-3684x57760,INACTIVE,2025-12-13 04:45:29.476761
258,Zachary,Holder,adam33@example.com,2489889921,ACTIVE,2025-06-20 19:18:58.426623
259,Devon,Richardson,jesseshepherd@example.org,001-369-631-5727,ACTIVE,2024-10-31 07:18:40.188997
260,Lindsey,James,weeksmatthew@example.com,(713)590-6048x05892,ACTIVE,2025-01-23 21:54:54.028841
261,Emily,Osborn,kmullins@example.net,936-246-2251,INACTIVE,2025-11-08 10:04:30.465808
262,Jose,Ross,iayala@example.org,683.876.9389x8331,ACTIVE,2025-05-28 06:01:40.558587
263,Sandra,Davis,whenderson@example.org,559-704-2597x92703,INACTIVE,2025-01-25 22:53:36.317679
264,Jessica,Miller,sanchezchristine@example.org,605-914-7705x3833,ACTIVE,2026-01-02 03:00:12.371035
265,Victoria,Neal,bennettrebecca@example.net,9422043940,ACTIVE,2024-11-21 15:41:26.907264
266,Donna,Alvarado,michelle04@example.net,(936)281-5798x1238,INACTIVE,2024-11-02 01:03:01.189751
267,Sandra,Torres,klong@example.org,(655)543-8404x608,INACTIVE,2025-01-22 19:48:19.019115
268,Penny,Sandoval,blairabigail@example.net,+1-436-539-2649x578,ACTIVE,2026-01-23 14:58:03.078934
269,Bianca,Sutton,michelleparker@example.net,226.729.2518x81252,INACTIVE,2026-07-08 22:10:49.033809
270,Robert,Jenkins,oreese@example.net,523-512-2099x499,INACTIVE,2025-03-21 16:22:30.877560
271,Anthony,Miller,manderson@example.com,001-252-667-7223x306,ACTIVE,2026-08-29 02:32:46.549142
272,Jeffrey,Powers,katherinejones@example.com,+1-275-373-6609x656,INACTIVE,2025-08-29 21:31:58.375198
273,Margaret,Williams,aprilfoster@example.net,6866803476,ACTIVE,2025-09-06 00:14:50.315119
274,Roberto,Austin,vaughnrebecca@example.com,+1-271-481-2982x6657,ACTIVE,2025-08-31 09:50:35.412971
275,Peggy,Huang,udavis@example.net,+1-821-811-7518x6892,INACTIVE,2024-11-05 01:52:14.369497
276,George,Rogers,fernandothomas@example.net,5642474212,ACTIVE,2026-01-01 18:33:32.828740
277,Johnny,Ellis,astephens@example.net,633.597.7671x9903,ACTIVE,2024-11-08 17:45:04.310478
278,Eddie,Delgado,thomasantonio@example.net,+1-445-910-1622x499,ACTIVE,2026-04-04 09:06:30.488174
279,Michael,Johnson,marcus61@example.com,+1-814-572-1458,INACTIVE,2026-02-24 07:04:44.497468
280,Cheryl,Rodriguez,webbhaley@example.net,969-954-8995x2997,INACTIVE,2026-05-17 05:15:14.823688
281,Nicole,Hall,tiffany01@example.org,513.696.6055x830,ACTIVE,2025-04-07 20:27:22.162326
282,Carlos,Evans,katie15@example.com,(499)902-3557x7027,INACTIVE,2026-07-17 15:16:07.230222
283,Amanda,Rogers,dreilly@example.net,295-788-0395x5124,ACTIVE,2026-09-22 12:27:44.627447
284,Courtney,Kirby,hlopez@example.com,001-650-446-1735x743,INACTIVE,2024-12-24 23:42:54.259743
285,Kristen,Strickland,wallaceangel@example.com,923.857.8452x18230,INACTIVE,2026-03-09 07:58:46.996210
286,Alexandra,Smith,mcdanielbrooke@example.org,670-718-4094x35334,INACTIVE,2026-04-21 12:15:45.833892
287,Emily,Nelson,joshuasmith@example.net,+1-481-638-5854,ACTIVE,2025-11-27 08:40:36.726048
288,George,Collins,amber02@example.org,701.660.1662x9979,ACTIVE,2025-06-03 18:25:01.412483
289,,Chang,beltrankatelyn@example.com,001-521-571-7477,INACTIVE,2025-01-16 23:47:23.464953
290,Paula,Scott,philip55@example.com,401.371.5772x4599,INACTIVE,2025-07-27 08:25:19.880827
291,,Rodriguez,sparksamanda@example.com,001-363-793-8276,ACTIVE,2025-03-05 02:51:41.385083
292,Heather,Reynolds,vbradley@example.net,001-332-919-7199x758,ACTIVE,2025-02-09 16:43:41.955018
293,Stephanie,Jones,jenningscandace@example.com,970-513-2902x27846,INACTIVE,2025-03-03 05:41:31.802181
294,Natalie,Evans,samantha65@example.org,001-209-286-2405,ACTIVE,2026-03-01 18:59:49.838112
295,Lori,Howard,michelle36@example.net,001-465-966-6683,INACTIVE,2025-01-13 14:13:07.960693
296,Angela,Bridges,mary24@example.net,(320)410-2762,ACTIVE,2026-01-16 03:37:28.259927
297,Robert,Bryant,dhanson@example.net,(687)865-3269x09738,INACTIVE,2026-08-11 20:12:48.575472
298,Barbara,Johnson,carrolljanet@example.org,001-371-528-4781,INACTIVE,2025-09-14 02:55:28.082782
299,Judith,Horne,suttonamber@example.net,790-658-0778x7956,ACTIVE,2025-05-03 06:23:37.983377
300,Austin,Livingston,jessica94@example.org,+1-379-629-0490x4712,ACTIVE,2025-04-06 02:58:01.119310
301,Christina,Hill,alexis19@example.org,001-227-752-4372,ACTIVE,2026-09-22 20:24:08.013638
302,Tammy,Larson,marymullins@example.com,001-863-972-3950x41027,ACTIVE,2025-05-12 03:33:14.918053
303,Julie,Goodwin,noahthornton@example.com,728-860-4765x801,ACTIVE,2025-12-23 22:52:12.804391
304,Denise,Nelson,joseph14@example.net,001-767-239-3852,INACTIVE,2026-02-07 11:22:10.336248
305,Marie,Smith,foxgina@example.com,544.330.0910,ACTIVE,2026-03-05 05:45:47.365667
306,David,Gates,nicholasgallagher@example.net,001-621-824-4717,INACTIVE,2026-02-21 15:49:30.741093
307,Elizabeth,Carrillo,fernando14@example.org,(465)904-4271x7396,ACTIVE,2024-12-22 05:04:52.345064
308,Amber,Reynolds,gainesjennifer@example.org,2112947072,ACTIVE,2026-02-01 11:40:50.852939
309,Joseph,Graves,gandrews@example.net,001-777-766-1830x67198,INACTIVE,2026-02-14 01:44:49.608042
310,Richard,Chen,diazmelissa@example.com,674-832-8063,INACTIVE,2026-07-20 20:26:56.152878
311,Crystal,Howard,mccluresamuel@example.org,(603)909-3761,ACTIVE,2025-10-29 00:54:39.191154
312,Mary,Cole,johnsonbrian@example.net,5613387829,INACTIVE,2024-10-30 22:39:06.630329
313,Donald,Valdez,nmeadows@example.org,420.320.4179,ACTIVE,2026-05-24 09:24:37.620899
314,Daniel,Crawford,bryanharris@example.com,001-365-319-8253x0925,ACTIVE,2025-04-22 01:53:49.741707
315,Katherine,Jackson,angela73@example.net,2212962071,ACTIVE,2025-02-12 01:30:37.272919
316,Christopher,Pearson,robert72@example.org,(448)976-3290,INACTIVE,2025-12-25 02:17:38.030034
317,Christopher,Serrano,michael08@example.org,918.519.5883,INACTIVE,2025-04-23 22:18:30.464538
318,James,Hogan,kjimenez@example.net,9052436459,ACTIVE,2024-12-19 06:47:27.144329
319,Brian,Medina,kristenwashington@example.org,537-399-5635,ACTIVE,2025-05-30 05:43:26.032354
320,,Rojas,nicholaswalker@example.com,001-870-762-3972,ACTIVE,2025-01-11 15:30:37.823011
321,Jennifer,Chen,james20@example.net,001-704-521-7762,ACTIVE,2026-07-13 12:13:36.832287
322,Cassandra,Clarke,belindatran@example.org,268-873-9774,INACTIVE,2026-03-25 18:27:52.812006
323,John,Murphy,patriciavargas@example.org,001-806-900-7806,ACTIVE,2026-05-18 11:41:29.987983
324,Heather,Garcia,jallen@example.org,001-963-225-4310x742,ACTIVE,2026-09-17 06:16:14.460589
325,Steven,Taylor,xlopez@example.net,501.365.8046x498,INACTIVE,2025-12-31 05:39:11.650027
326,Matthew,Randolph,pamela16@example.com,590.355.2818x325,INACTIVE,2026-01-21 02:45:35.906832
327,Jo,Goodwin,karenhodges@example.com,(348)964-0155x778,ACTIVE,2026-03-06 12:26:47.485914
328,Erika,Patel,shannon51@example.org,911.462.4112x412,INACTIVE,2026-07-05 04:05:24.012367
329,Abigail,Burton,robert82@example.com,(767)704-3103x856,ACTIVE,2025-09-24 03:03:01.902009
330,Elizabeth,Moreno,kellis@example.org,424-637-5402x5472,ACTIVE,2025-02-14 03:47:04.893338
331,Gregory,Erickson,evanwilson@example.com,001-727-745-2380,INACTIVE,2025-01-20 01:49:02.054446
332,Shane,Cantrell,david06@example.com,001-927-752-0885x47492,ACTIVE,2026-02-19 09:55:27.719528
333,Jessica,Mccullough,ericawilson@example.org,(693)575-1509x3983,INACTIVE,2024-10-20 11:26:32.360527
334,Amanda,Griffin,daughertypreston@example.com,799-780-5626x56504,ACTIVE,2025-05-17 01:20:04.767772
335,Sean,Hoffman,jessicawallace@example.com,942.766.2991x234,ACTIVE,2024-11-21 07:14:25.503429
336,Susan,Avila,smithdanielle@example.com,(628)979-2326x48704,INACTIVE,2025-11-16 13:10:38.310352
337,Steven,Johnson,moorekevin@example.net,+1-771-946-2730x1471,INACTIVE,2025-11-21 03:30:45.027182
338,Miranda,Burton,hmccann@example.com,690.742.9025x72520,INACTIVE,2025-08-06 10:50:54.418035
339,Rhonda,Kelly,kelly18@example.org,001-721-492-8554x45189,ACTIVE,2024-10-13 10:14:45.345555
340,April,Watson,kjenkins@example.org,328.833.8988,ACTIVE,2025-09-05 09:14:37.467763
341,Charles,Fuentes,mendozalarry@example.com,(579)485-2401,ACTIVE,2026-06-21 21:24:11.714819
342,Douglas,Perez,jasonzavala@example.com,001-211-907-6031x089,ACTIVE,2024-12-29 21:01:03.075850
343,Johnny,Jones,websterkimberly@example.net,793.725.0124,INACTIVE,2025-01-29 06:56:39.931669
344,Vincent,Chandler,williamjones@example.net,001-408-933-4280x13875,INACTIVE,2026-02-08 00:03:34.292618
345,Daniel,Davenport,gcoleman@example.org,(715)917-1827x54801,INACTIVE,2024-12-27 12:55:24.514312
346,,Burke,gloria73@example.net,(346)331-7520x71678,ACTIVE,2025-01-16 17:34:53.588493
347,Richard,Garza,figueroapatricia@example.org,853-953-9613,INACTIVE,2025-04-25 10:58:47.965768
348,Jennifer,Perkins,katelyn65@example.com,+1-496-278-4271x14773,INACTIVE,2024-12-15 18:19:44.780401
349,Brian,Jones,stantonpatrick@example.net,624-799-1187x73477,INACTIVE,2026-05-18 07:34:23.131472
350,,Smith,ewingnicole@example.org,(875)467-7002x8427,INACTIVE,2025-05-20 06:01:23.970686
351,Paul,Gallagher,rkeller@example.net,001-977-882-8064,ACTIVE,2025-12-28 16:01:13.990761
352,Michael,Levine,bryan90@example.org,(259)505-6165x565,ACTIVE,2025-04-02 21:10:43.898464
353,Deborah,Watkins,meltondanny@example.org,6852076986,INACTIVE,2026-02-24 09:20:24.806357
354,Brianna,Odom,uhudson@example.net,671-735-7852,ACTIVE,2026-09-12 03:40:20.330029
355,James,Reid,pittmanamanda@example.com,604-396-3919x195,INACTIVE,2025-11-21 18:28:45.323028
356,Amanda,Simmons,laura48@example.com,(485)936-6498x78208,ACTIVE,2025-03-08 13:30:59.896855
357,Suzanne,Harmon,oadams@example.net,+1-869-808-3572x324,ACTIVE,2025-05-24 18:36:17.563333
358,Maria,Brown,meghanadams@example.com,+1-924-993-6312x3034,INACTIVE,2025-11-16 22:42:49.127164
359,Ryan,Lucas,harrisjoseph@example.org,348-820-7001x594,INACTIVE,2026-07-21 01:55:42.036154
360,Emily,Blackwell,uhahn@example.org,919.381.8984,INACTIVE,2025-03-26 21:58:45.937096
361,David,Roman,marisa63@example.com,221.923.4764,INACTIVE,2025-10-28 16:40:11.035632
362,Holly,Rodriguez,pwells@example.com,(557)654-0900,ACTIVE,2025-11-11 18:17:26.049277
363,Kyle,Mullen,rebecca18@example.org,760.864.4134x327,INACTIVE,2026-05-03 14:03:50.593455
364,Joshua,Miller,aruiz@example.com,001-961-224-8156x985,ACTIVE,2026-04-13 14:43:04.927935
365,Danielle,White,igibbs@example.org,(734)959-1123x8296,INACTIVE,2025-09-18 10:36:15.325055
366,Jill,Green,lauren31@example.com,(926)569-3008x931,ACTIVE,2025-04-13 05:35:13.485481
367,Melissa,Williams,jburke@example.org,(529)610-8677x133,INACTIVE,2025-05-02 08:32:28.910589
368,Troy,Anderson,carolcarney@example.com,001-736-926-2044x3973,ACTIVE,2024-12-05 15:15:34.393437
369,Taylor,Savage,tmcdaniel@example.com,001-769-241-1800x537,ACTIVE,2024-10-07 22:06:59.389440
370,William,James,ilambert@example.net,4923428757,INACTIVE,2025-05-23 19:11:11.006474
371,Alyssa,Thomas,edwardstiffany@example.com,956-444-9485x625,INACTIVE,2025-11-13 21:57:09.142434
372,Sandra,Fields,jbrown@example.org,920.274.2761,ACTIVE,2025-08-22 12:38:29.449998
373,Vanessa,Hoffman,uvasquez@example.org,551-234-2284,INACTIVE,2025-10-23 05:58:47.636017
374,Ashley,Butler,sancheztyler@example.org,904-616-5915x20177,INACTIVE,2025-12-12 01:26:02.884826
375,Adam,Booker,unguyen@example.net,001-823-304-5018,ACTIVE,2025-07-22 08:43:33.579705
376,Gregory,Hanna,ndavis@example.org,(764)521-4764x9251,INACTIVE,2025-09-26 15:57:58.762354
377,Nicole,Alvarez,bdavis@example.com,+1-326-661-0857x327,INACTIVE,2025-09-11 00:43:26.585650
378,Christian,Solis,edgar24@example.org,964.690.8108x18661,INACTIVE,2025-06-20 15:50:34.533685
379,Brenda,Mack,wilsondorothy@example.org,(960)616-4597,INACTIVE,2025-06-10 08:14:26.832337
380,Samantha,Patrick,jacobburgess@example.net,816-980-0610x277,INACTIVE,2025-05-13 04:40:27.183685
381,Lisa,Jensen,fballard@example.org,(403)510-3037,INACTIVE,2025-08-18 08:09:52.639130
382,Connie,Tyler,christophercarrillo@example.org,560.612.2777x0793,ACTIVE,2025-11-23 23:06:42.503312
383,Martha,Williams,garciamelanie@example.com,(579)298-4076x78997,ACTIVE,2025-10-24 22:11:12.220720
384,Robert,Stewart,adamsdeborah@example.com,579-957-6024,INACTIVE,2025-06-12 04:17:51.608615
385,Jesse,Robinson,sandra72@example.com,001-566-457-2934x1722,INACTIVE,2025-12-20 11:49:52.008493
386,Craig,Perry,ntorres@example.net,3057452280,ACTIVE,2025-08-14 13:33:41.505870
387,Christina,Martinez,tomchaney@example.com,001-308-242-8910x77119,INACTIVE,2025-10-09 13:58:14.808719
388,Gary,Wilson,rhondamoore@example.com,001-878-271-2552x137,INACTIVE,2025-04-01 04:53:37.575364
389,Lisa,Peterson,christopherwatson@example.com,(732)286-3266x678,ACTIVE,2025-08-23 07:12:26.717998
390,Kayla,Robbins,millerleroy@example.org,(706)202-9084x66845,INACTIVE,2026-05-31 02:45:34.749897
391,Rachel,Bishop,isabellagriffin@example.org,+1-299-775-6341,INACTIVE,2025-07-15 21:18:35.297199
392,Jennifer,Hobbs,jason88@example.com,752.600.8943x46810,ACTIVE,2026-01-05 00:12:35.292243
393,Michael,Williams,westashley@example.org,453.899.8935x449,INACTIVE,2025-10-18 14:40:35.402886
394,John,Murphy,mackenzieward@example.org,(566)911-0627,INACTIVE,2024-11-30 00:51:47.674712
395,Erica,Powell,lwiggins@example.com,+1-367-576-2282x7728,INACTIVE,2025-09-01 16:33:07.373729
396,Antonio,Moore,sandra19@example.com,715-694-0821,INACTIVE,2026-09-27 22:13:08.403382
397,Kevin,Tucker,douglaslawrence@example.org,643-927-0185x1067,INACTIVE,2026-07-23 15:32:05.540878
398,Kimberly,Alvarez,kathleenwagner@example.com,001-277-925-1996x63658,ACTIVE,2026-03-25 13:48:00.547040
399,Debbie,Cline,armstronglaura@example.net,981-281-3989x0983,INACTIVE,2024-12-30 20:52:37.888249
400,Sharon,White,hilljamie@example.net,001-971-289-5690,ACTIVE,2025-06-09 08:05:07.518129
401,Henry,Johnson,patrick11@example.org,+1-824-422-4124,ACTIVE,2024-11-16 00:58:39.343075
402,Susan,White,evanscorey@example.org,(854)361-0339x93788,INACTIVE,2025-04-18 17:08:59.799004
403,Lucas,Tran,washingtonrick@example.org,8489913824,INACTIVE,2024-12-04 07:10:16.650518
404,Cynthia,Harris,nathanielgalloway@example.org,+1-468-270-0794,ACTIVE,2024-11-16 23:05:24.129583
405,Sandra,Nelson,mary65@example.net,698.340.2891,ACTIVE,2025-07-19 18:25:33.809634
406,David,Taylor,natalie39@example.net,254-974-3553x79502,INACTIVE,2024-10-07 03:09:07.178767
407,Albert,Thompson,ifarmer@example.org,+1-318-907-1569x5620,ACTIVE,2025-07-01 15:13:08.577928
408,James,Smith,changerin@example.net,(531)294-3375x047,ACTIVE,2025-02-24 05:49:47.383996
409,Lori,Foster,ashley72@example.net,499.692.1921,ACTIVE,2026-08-16 22:54:56.542778
410,Melissa,Ibarra,james08@example.net,987-906-0566x418,ACTIVE,2025-06-25 01:16:52.048470
411,Katherine,Stephenson,brandonhull@example.net,550.563.5190x361,ACTIVE,2025-02-01 03:44:32.294672
412,Lance,Garrett,johnsonryan@example.org,001-754-531-7350,ACTIVE,2026-08-24 05:57:12.594855
413,Kimberly,Harvey,garrettbeth@example.org,6068512070,INACTIVE,2024-11-21 01:32:00.676001
414,Erica,Hansen,melissa61@example.net,001-263-999-0767x69915,ACTIVE,2025-10-16 19:39:30.410970
415,Briana,Rodriguez,larsoncarlos@example.org,001-428-545-6797,INACTIVE,2025-01-12 13:44:31.470637
416,Bradley,Anderson,ppalmer@example.com,498-222-7495x4508,INACTIVE,2025-03-26 09:53:29.212608
417,Lori,Hansen,hendersonjames@example.org,+1-631-853-7795x9959,ACTIVE,2025-06-01 01:19:18.160885
418,Daniel,Walter,crawfordsamantha@example.net,537.893.3756,INACTIVE,2025-02-15 14:12:59.862891
419,Veronica,Cox,howardangela@example.org,473-795-0033x4234,INACTIVE,2026-06-15 02:41:33.979496
420,John,Gonzalez,meganlozano@example.org,+1-826-315-3473x55289,INACTIVE,2024-12-29 13:29:53.810898
421,Nicole,Anderson,jamesgray@example.com,696-430-9938x42530,ACTIVE,2026-06-18 00:15:56.924805
422,Tanya,Blackwell,jessicamueller@example.net,+1-712-986-8578x725,ACTIVE,2026-03-10 18:33:37.201735
423,Troy,Adams,ylittle@example.net,+1-403-733-7363x4669,ACTIVE,2025-04-07 22:24:53.178626
424,Christopher,Walton,sean53@example.net,8787956776,ACTIVE,2026-05-14 16:18:59.044174
425,Logan,Reyes,scottbaker@example.org,(714)288-8143x111,INACTIVE,2025-11-06 20:47:49.448288
426,Matthew,Leonard,kevin43@example.net,+1-928-440-4456x690,ACTIVE,2026-06-28 05:04:00.783355
427,Jeremy,Cummings,thomasblack@example.net,001-777-451-5366x37780,ACTIVE,2025-11-29 20:43:52.301351
428,David,Harding,porterdonna@example.com,736-866-8459x09022,INACTIVE,2026-09-20 00:02:14.362067
429,James,Myers,glopez@example.com,001-974-212-1820,ACTIVE,2025-02-17 09:07:35.955815
430,Chad,Mccarty,jamie48@example.org,805.980.2566x212,ACTIVE,2026-03-30 20:33:08.418786
431,Paul,Berger,davidharris@example.com,001-272-499-4938x743,ACTIVE,2025-08-25 14:28:56.640173
432,Makayla,Jacobs,aliciakent@example.com,879.501.4754x692,INACTIVE,2025-02-12 04:24:27.006591
433,Christine,Reynolds,lbartlett@example.net,001-316-503-2484,ACTIVE,2026-07-29 19:39:42.820250
434,Robert,Gill,carneycharles@example.org,756.872.4380x70176,INACTIVE,2026-06-21 03:08:03.420179
435,Randy,Smith,fletcherderek@example.net,001-477-271-1837x2742,INACTIVE,2025-12-21 09:33:44.323802
436,Gregory,Martinez,qjackson@example.org,+1-842-675-2308x37081,INACTIVE,2025-08-24 07:53:30.178952
437,Carly,Williams,pwang@example.com,331.506.0053,INACTIVE,2026-09-04 08:23:30.818522
438,Colin,Conley,jenniferwilliams@example.net,855-383-9386,INACTIVE,2025-03-22 18:35:53.492700
439,Daniel,Morris,moralesleslie@example.com,573.814.9501,ACTIVE,2025-05-12 06:29:02.359004
440,Carol,Bird,marquezkylie@example.net,(741)995-6252,INACTIVE,2024-11-22 07:44:39.336567
441,Andres,Barr,oreyes@example.net,589.803.0914,INACTIVE,2026-04-10 03:47:57.035763
442,Christine,Brown,victor32@example.com,203.897.5245,INACTIVE,2026-01-20 09:22:08.903964
443,Keith,Johnson,matthew38@example.org,+1-233-496-8527x01713,ACTIVE,2026-08-20 09:30:32.064619
444,David,Thompson,joelmiller@example.net,942.533.6293x449,INACTIVE,2025-04-20 14:15:47.026680
445,Kimberly,Miller,raymond27@example.com,(489)662-7066x14982,INACTIVE,2025-07-08 22:00:04.397433
446,Kevin,Campbell,ijones@example.net,832.930.0857x6665,ACTIVE,2025-05-16 20:31:18.911147
447,Vanessa,Jones,riddledavid@example.net,(836)845-8750,INACTIVE,2026-03-25 09:26:31.241648
448,John,Johnson,crystal02@example.com,+1-872-343-9920x116,INACTIVE,2025-10-17 18:52:22.198256
449,Jacob,Henderson,tking@example.net,+1-469-646-1195,ACTIVE,2026-04-03 22:30:23.463136
450,Sarah,Sanders,adam27@example.org,716-486-4622,INACTIVE,2026-03-02 07:08:52.030191
451,James,White,hayeslisa@example.org,402.334.6791,ACTIVE,2025-05-06 03:04:02.424110
452,Nicholas,Hill,anthony37@example.com,+1-610-904-0901x38069,INACTIVE,2025-09-14 16:36:09.897760
453,Matthew,Jordan,evelyn55@example.org,(266)390-5510x762,INACTIVE,2026-06-30 19:06:49.514827
454,Joshua,Lyons,miguelmontgomery@example.net,986.830.5050x5739,INACTIVE,2026-03-27 23:30:40.021974
455,Laura,Bailey,shatfield@example.org,001-664-993-2898x0271,ACTIVE,2025-02-03 18:21:07.930216
456,Sean,Wilson,johnjackson@example.net,001-311-460-2564x347,ACTIVE,2026-08-09 01:05:53.488454
457,Cynthia,Vasquez,monica99@example.org,+1-356-768-6334x1411,ACTIVE,2026-03-28 23:38:41.018996
458,Sharon,Garner,berrydavid@example.com,(590)340-9836x6552,ACTIVE,2025-07-19 18:33:26.068701
459,Amanda,Murray,lisaphillips@example.org,972.594.2095x4814,INACTIVE,2025-09-30 14:40:48.622653
460,Janet,Bennett,eric33@example.net,001-702-876-4208x6567,ACTIVE,2025-07-16 16:03:38.675955
461,Allison,Campbell,jacquelinekelley@example.org,(959)904-7292,ACTIVE,2025-05-04 15:13:57.475188
462,Duane,Robinson,jillsmith@example.net,001-912-466-2015,ACTIVE,2026-08-25 08:31:28.591391
463,David,Robertson,brittney26@example.org,3139674926,INACTIVE,2026-06-27 19:04:05.191052
464,Debra,Hill,hrichardson@example.org,917-683-0999,INACTIVE,2026-02-22 18:11:56.152362
465,Cody,Watkins,pwashington@example.net,(949)321-5182x60688,INACTIVE,2025-10-18 01:15:20.051184
466,Brenda,Reeves,molinajared@example.net,229-420-8751,INACTIVE,2025-11-28 02:10:29.458176
467,Denise,Miller,melissa01@example.org,445.982.6034x08487,INACTIVE,2026-02-23 18:18:57.706400
468,Alexandra,Andersen,catherine83@example.net,503-703-2432,ACTIVE,2025-04-24 15:17:55.928690
469,Jessica,Henderson,jorge26@example.com,746-428-3143,ACTIVE,2025-08-06 13:52:19.435743
470,Eric,Riddle,mgray@example.org,341-781-8615,INACTIVE,2026-07-30 04:35:02.412694
471,Kimberly,Thomas,joshuagarcia@example.org,(611)328-4971x8594,INACTIVE,2026-07-20 22:22:09.946468
472,George,Potts,zwhite@example.net,+1-888-696-7924x08222,ACTIVE,2024-11-11 14:55:39.057646
473,Jessica,Villegas,erikabarnes@example.com,(575)678-4468,INACTIVE,2026-01-11 07:46:56.443152
474,Christopher,Torres,megan11@example.net,212.890.1487,INACTIVE,2026-02-10 13:32:56.270340
475,Sarah,Taylor,rrobertson@example.net,001-216-909-3068x538,ACTIVE,2026-09-08 15:51:54.644397
476,Emily,Macias,gregoryrichardson@example.org,650.967.6251x53814,INACTIVE,2025-05-06 10:25:15.629995
477,Jason,Rojas,trobinson@example.net,207.797.0509x75451,INACTIVE,2026-07-16 06:37:26.779166
478,Jacob,Gomez,jordanjames@example.net,826.417.0243x76545,INACTIVE,2025-10-30 20:31:03.724357
479,Joseph,Mayo,wmartin@example.net,(505)931-3402x66502,INACTIVE,2026-09-05 01:06:35.711407
480,Tonya,Wilson,zpierce@example.net,001-725-268-6211x022,ACTIVE,2026-04-17 13:33:17.646292
481,Joel,Gregory,russell90@example.com,344.671.6392x8234,INACTIVE,2026-09-30 06:58:04.145230
482,John,Hoover,thomaspatton@example.org,001-689-523-9231x260,ACTIVE,2026-08-13 16:38:10.532106
483,Ronald,Jensen,linomar@example.net,733-656-7086x0414,INACTIVE,2026-08-23 20:19:54.025088
484,Jennifer,Wright,whiteaaron@example.net,001-753-647-4916x2475,INACTIVE,2024-12-24 11:23:47.018713
485,Elizabeth,Vega,markfigueroa@example.com,001-398-295-3439x6112,INACTIVE,2025-12-06 11:26:39.035008
486,Rhonda,Pena,jamesgriffin@example.org,289-454-7382,ACTIVE,2025-02-21 01:02:26.183384
487,Andrea,King,patricia71@example.com,476-688-0294,INACTIVE,2024-11-06 04:51:14.986288
488,Ashlee,Bauer,joysanders@example.net,+1-881-627-8686,INACTIVE,2025-03-04 03:49:58.715332
489,Adam,Armstrong,suarezkrystal@example.com,684.243.4481x23083,INACTIVE,2026-01-14 05:33:34.049072
490,Sheri,Ramirez,josephgibbs@example.net,338.610.5955,ACTIVE,2026-03-15 11:16:59.045727
491,Ricky,Carr,tracie05@example.org,001-942-540-8916x4983,INACTIVE,2025-05-28 20:57:14.715230
492,James,Soto,omoore@example.net,001-965-427-1727x2239,ACTIVE,2026-01-20 00:54:58.530371
493,Andrew,Martin,lisamcdaniel@example.org,421-263-7618,ACTIVE,2025-12-18 16:46:57.460449
494,Nicholas,Smith,hinesdeanna@example.org,(731)342-9001,INACTIVE,2025-02-28 19:08:10.299004
495,Timothy,Hart,tochoa@example.com,323.808.4810x0184,ACTIVE,2025-01-15 14:42:49.970599
496,Rhonda,Johnson,wcruz@example.net,736-317-2131x4519,ACTIVE,2025-06-24 08:07:46.074195
497,Sandy,Miller,munozgregory@example.net,392-262-4945x14754,INACTIVE,2026-06-25 11:17:09.843867
498,Tiffany,Strickland,lukemyers@example.net,711.996.4215x2265,ACTIVE,2025-08-09 14:33:02.479050
499,Heather,Gutierrez,devon36@example.com,+1-378-887-8836,INACTIVE,2025-10-23 22:17:37.174032
500,Kimberly,Shepherd,jacquelineyoung@example.org,705.487.2105,ACTIVE,2025-05-07 06:37:18.042783
501,Douglas,Castaneda,osanchez@example.org,001-421-226-0650x1917,ACTIVE,2025-01-19 07:16:36.849123
502,Donald,Sanchez,carrolllisa@example.org,001-227-228-4765x70412,INACTIVE,2025-12-19 08:12:42.512232
503,Glenn,Martin,rwall@example.com,+1-349-884-3624,INACTIVE,2026-09-18 08:39:52.125011
504,David,Lewis,robinsonisaiah@example.net,+1-291-777-5662,INACTIVE,2026-01-19 08:50:18.679595
505,James,Rodriguez,coxkimberly@example.com,2346281139,ACTIVE,2025-02-18 03:33:52.661483
506,James,Hickman,josephdavila@example.net,7976005140,INACTIVE,2026-09-04 08:16:57.476899
507,,Edwards,iswanson@example.net,+1-615-468-1820x96790,INACTIVE,2025-01-22 16:49:06.383900
508,Steven,Mcclure,cisnerosjesse@example.org,+1-822-288-9857x25459,INACTIVE,2026-07-16 15:06:11.885541
509,Kim,Hughes,wendylawson@example.org,001-371-902-4817,INACTIVE,2025-05-21 04:05:45.399896
510,Sarah,Martin,barbara51@example.org,(974)274-7219,INACTIVE,2025-06-26 12:20:55.867096
511,Justin,Ortiz,scotthunt@example.net,351-668-7409x03802,INACTIVE,2025-07-05 12:51:20.611604
512,Ashley,Nash,paulford@example.org,(877)787-1121x663,INACTIVE,2024-11-20 02:24:51.122262
513,Matthew,Munoz,jacquelinealvarez@example.com,208.727.2359x096,ACTIVE,2026-05-03 18:18:06.987103
514,Tiffany,Lewis,mirandacisneros@example.net,(544)621-2146x14768,INACTIVE,2025-02-15 11:18:08.988850
515,Brian,Jacobson,wpeterson@example.com,(735)867-7826,ACTIVE,2026-05-28 04:50:47.171802
516,Ann,English,christiancontreras@example.net,(355)802-7275,ACTIVE,2025-04-13 23:27:39.478572
517,Jennifer,Mcneil,cynthiafowler@example.net,503-736-8296,INACTIVE,2025-03-06 05:35:45.246351
518,James,Frazier,woodmichael@example.com,381-477-6655x8685,ACTIVE,2025-09-04 04:00:17.213738
519,Nathan,Tran,amyjames@example.net,001-964-391-1110x961,ACTIVE,2026-01-09 18:47:20.900577
520,Wesley,Shaffer,melissa33@example.com,+1-861-237-1576,ACTIVE,2026-08-21 09:02:28.203195
521,Kimberly,Romero,nichole44@example.com,+1-830-560-0025x89552,ACTIVE,2025-11-13 23:05:23.509187
522,Peter,Jensen,zpoole@example.net,(826)626-5826x31281,ACTIVE,2026-06-07 15:56:09.717412
523,Erik,Morris,davissamuel@example.net,001-592-509-8196x02752,ACTIVE,2025-05-08 21:37:59.290440
524,Amanda,Sanchez,qtownsend@example.org,612-609-1179x112,ACTIVE,2026-07-19 11:54:43.274874
525,Christopher,Snyder,roberta36@example.org,606.217.1366x5722,ACTIVE,2026-07-26 02:16:51.372025
526,Donna,Welch,wilsonmatthew@example.com,299.480.2841x3908,ACTIVE,2025-03-11 00:18:45.058133
527,Michael,Roach,murphyjeffrey@example.net,001-824-847-3158x477,ACTIVE,2026-08-08 18:17:39.882944
528,John,Gonzalez,suzanne19@example.net,823-876-7694x5919,INACTIVE,2025-02-26 21:32:20.499515
529,Michael,Hurst,colepamela@example.net,896-449-8560x125,ACTIVE,2025-06-22 07:56:07.542313
530,Charles,Sandoval,dustin51@example.org,505-337-9538x16493,ACTIVE,2025-11-17 18:35:20.234862
531,Jennifer,Shah,berrydebbie@example.net,001-965-453-3077x04611,INACTIVE,2025-12-17 08:07:27.338756
532,Brittany,Young,mitchelldawn@example.net,7742260880,INACTIVE,2024-11-23 17:45:59.320868
533,Cody,Lang,joshua56@example.org,+1-357-790-6477,INACTIVE,2026-08-19 23:30:08.725367
534,Curtis,Walker,taylorvictoria@example.net,001-263-621-3580x0401,ACTIVE,2024-11-27 19:44:01.225282
535,Mark,Salazar,knelson@example.org,001-371-525-2967,ACTIVE,2025-11-30 03:19:40.242418
536,Donna,Bray,kendra73@example.org,241-558-3311x703,ACTIVE,2025-09-10 23:31:05.582967
537,Paul,Freeman,jason98@example.net,847-528-1235x67983,INACTIVE,2024-11-23 03:28:54.187724
538,Rodney,Parks,thomasnancy@example.net,930-772-4078,ACTIVE,2025-04-16 00:07:44.444627
539,Sara,Miller,zlewis@example.net,(885)407-4510x66343,ACTIVE,2025-12-11 22:42:54.355642
540,Alyssa,Snyder,drodriguez@example.net,313.310.0943,INACTIVE,2025-04-23 05:21:13.020494
541,Nicole,Lyons,gmyers@example.org,001-947-632-3549x4012,INACTIVE,2026-06-18 18:52:19.310793
542,Hailey,Jackson,jacksonmartin@example.com,(407)265-0241,INACTIVE,2025-12-11 21:56:36.731000
543,Tara,Aguilar,emarks@example.org,3093438822,ACTIVE,2025-05-14 12:16:15.923823
544,Jill,Chavez,veronica47@example.com,(270)454-5897x148,ACTIVE,2026-09-18 21:07:55.516075
545,Melissa,Hopkins,michaeljohnson@example.net,001-665-731-3614x8782,ACTIVE,2026-07-14 16:01:50.434856
546,Peter,Butler,kyle09@example.net,001-459-916-7954x107,ACTIVE,2026-02-13 09:44:47.996002
547,Alexandra,Roberts,kevinroberts@example.com,6702349107,INACTIVE,2025-08-14 08:20:36.789589
548,Donna,Smith,devin48@example.net,001-782-514-2369x14307,ACTIVE,2026-05-19 22:37:27.840043
549,Dana,Henderson,orozcosamantha@example.net,629-665-9234x2683,ACTIVE,2024-12-05 12:47:31.375501
550,Ashley,Fuller,nicholasliu@example.com,828-975-8575,INACTIVE,2025-08-07 04:14:01.511006
551,Robert,Johnson,bernardrobert@example.org,+1-843-498-5298x940,INACTIVE,2025-07-25 08:19:05.588271
552,Adam,Aguirre,fcombs@example.org,215-591-4975x019,INACTIVE,2025-10-16 03:01:24.397041
553,Anna,Coffey,jeffreylowe@example.org,340-579-3110x2918,ACTIVE,2025-03-02 05:42:30.820398
554,Thomas,Wall,hmyers@example.com,(472)438-4979x1620,INACTIVE,2026-05-24 22:33:27.849123
555,Diane,Jackson,thomasroberts@example.net,897-854-6617,ACTIVE,2025-01-20 05:42:53.145185
556,Justin,Wilson,tsmith@example.org,+1-597-705-2774x0258,INACTIVE,2026-07-25 07:12:46.210828
557,Alicia,Palmer,dianabell@example.net,001-857-924-4617,INACTIVE,2025-12-20 13:27:28.356373
558,Henry,Erickson,david59@example.net,(999)761-0023x117,ACTIVE,2026-04-12 02:29:42.152258
559,Tina,Stokes,danielgilmore@example.net,(461)709-4101x7590,INACTIVE,2024-12-21 15:35:28.924921
560,Shannon,Anderson,jameshenry@example.net,433-226-8319x0130,INACTIVE,2025-06-23 15:46:52.236036
561,Ricky,Payne,petersonfaith@example.net,+1-387-933-9785x5982,INACTIVE,2025-08-12 07:03:39.791429
562,Nicholas,Jones,martinezzachary@example.org,673-609-8503,ACTIVE,2025-07-16 04:53:55.296478
563,Michael,Brennan,tammyjones@example.net,389.984.6908,INACTIVE,2026-08-19 09:52:57.774490
564,Traci,Delgado,morganjose@example.com,001-302-838-5037x19905,ACTIVE,2025-12-14 22:34:02.618922
565,Cheyenne,Miller,rpotts@example.net,6105783567,INACTIVE,2024-10-19 16:03:47.727439
566,Brian,Ayala,amandadalton@example.net,+1-308-770-6626x68217,INACTIVE,2025-06-17 23:31:40.257175
567,Matthew,Hull,jessechapman@example.org,(789)700-3010x27240,INACTIVE,2025-12-18 01:23:55.206225
568,Pamela,Bolton,catherinemendoza@example.org,+1-511-648-3753x74584,INACTIVE,2025-05-24 22:12:44.354609
569,Amber,Garcia,rachel97@example.com,732-483-4831,INACTIVE,2024-10-30 04:56:42.563308
570,Joe,Alexander,bbenton@example.com,8449964104,INACTIVE,2024-10-17 18:34:21.874085
571,Patrick,Wallace,jamielopez@example.com,+1-604-508-5095,ACTIVE,2026-04-10 03:54:45.565715
572,Matthew,Calderon,yglenn@example.net,001-401-886-4876x9984,ACTIVE,2025-09-10 09:10:43.948884
573,Victoria,Allen,campbellfelicia@example.com,638-745-9609,INACTIVE,2025-04-18 07:40:47.319303
574,John,Delgado,martinezashley@example.com,527-870-7070x578,INACTIVE,2024-11-15 19:12:41.404817
575,Sheila,Hill,stephanie72@example.com,001-944-772-3229x03102,ACTIVE,2024-11-03 15:40:31.760365
576,Jennifer,Brown,theresa05@example.net,001-509-535-1187x181,INACTIVE,2025-05-29 23:42:26.836840
577,Nathan,Carson,bjones@example.com,(605)295-5657,INACTIVE,2025-01-29 02:39:27.628643
578,Bradley,Conrad,rodriguezjason@example.com,889.353.6902x61139,INACTIVE,2026-06-15 03:45:37.338056
579,,Williams,hhopkins@example.com,943-894-3535x37513,ACTIVE,2025-06-25 08:27:25.448871
580,Michael,Wagner,denise93@example.com,(339)328-3692x94455,INACTIVE,2025-07-29 09:48:18.429416
581,William,Hernandez,xchen@example.org,(370)421-6487,INACTIVE,2026-07-01 03:03:52.303774
582,Mary,Johnson,veronicaanderson@example.net,(365)226-8341x5599,ACTIVE,2024-11-26 21:07:28.049597
583,Samantha,Dodson,vmccoy@example.com,872-729-8120x9957,INACTIVE,2025-08-20 09:13:39.933343
584,William,Chapman,halltrevor@example.org,001-788-498-6456,ACTIVE,2026-08-31 12:40:27.190363
585,Bobby,Landry,russellramirez@example.net,315-542-1447x73244,INACTIVE,2026-02-02 19:43:28.117007
586,Donald,Clark,anthonyorr@example.net,+1-830-970-5349,INACTIVE,2025-10-19 12:11:31.261854
587,Mariah,Phillips,moransamantha@example.org,767.441.2415x131,INACTIVE,2025-10-09 09:39:57.010256
588,Joshua,Mccoy,mannleroy@example.org,(618)953-8003x29633,INACTIVE,2025-01-22 14:58:58.120422
589,Lisa,Gross,david18@example.net,001-830-561-7893x2064,INACTIVE,2026-01-12 20:14:13.255341
590,Todd,Sandoval,nataliepittman@example.com,+1-977-769-5874x13146,ACTIVE,2025-04-02 17:21:45.801227
591,Roger,Thompson,donna56@example.net,(577)896-3044,ACTIVE,2024-11-17 10:06:13.918084
592,Kelsey,Green,robert76@example.com,404-573-5047x639,ACTIVE,2026-04-26 10:51:42.478512
593,Daniel,Donaldson,david80@example.net,5617558108,ACTIVE,2025-10-30 03:46:47.906309
594,Tracie,Massey,oheath@example.com,(255)363-8300,INACTIVE,2025-10-05 08:10:32.325633
595,Lacey,Williams,kevin33@example.org,216-462-4111x860,INACTIVE,2024-12-12 19:23:02.495413
596,Brianna,Myers,kristen68@example.net,8446731497,ACTIVE,2025-08-13 18:31:27.061526
597,Jeffrey,Russell,timothy88@example.org,(907)765-8173x9063,INACTIVE,2025-09-17 07:16:11.137104
598,Daniel,Collins,lisadaugherty@example.org,+1-923-579-3126,INACTIVE,2024-11-16 01:18:52.613574
599,Trevor,Jenkins,mary05@example.net,001-996-704-3878,INACTIVE,2026-09-04 21:11:25.453263
600,Joe,Murray,vrobertson@example.net,316-416-2028,ACTIVE,2025-02-25 04:17:04.241525
601,Molly,Wilson,osimpson@example.net,728.466.0416x4485,ACTIVE,2025-01-15 09:08:55.871708
602,Alexandra,Harris,april47@example.com,452.428.7056,INACTIVE,2025-09-12 16:35:43.321842
603,Victoria,Smith,jamesdavis@example.com,610-697-9215x83503,ACTIVE,2026-05-26 13:12:10.770056
604,Miranda,Silva,michael64@example.net,+1-631-392-1342,INACTIVE,2025-01-04 13:26:43.899558
605,Alexa,Newman,xrivera@example.net,+1-449-473-2033x192,ACTIVE,2025-09-16 07:44:12.873966
606,Aaron,Miller,taylorlindsay@example.com,+1-775-348-1386x66754,INACTIVE,2026-07-11 05:28:10.547065
607,Megan,Moses,jennifer68@example.com,541.886.5205x7563,INACTIVE,2025-07-04 08:31:39.994704
608,Sarah,Cowan,scottfox@example.org,001-645-215-4809,INACTIVE,2026-01-19 18:50:51.547857
609,Darlene,Sanders,joshua09@example.org,001-479-477-2781x050,INACTIVE,2026-07-02 04:33:46.208309
610,David,Barnes,browndana@example.org,818-843-9055x29580,INACTIVE,2026-06-07 22:34:36.837018
611,Elizabeth,Brown,jessicamiller@example.com,6497386204,INACTIVE,2024-12-28 23:50:44.313405
612,Steven,Huff,knightsteven@example.org,521-725-9020,INACTIVE,2025-09-05 06:44:58.935469
613,Natalie,Harding,mary32@example.com,5645242956,INACTIVE,2025-04-21 06:43:07.805691
614,James,Krause,heidi41@example.com,(595)858-7209x628,INACTIVE,2025-06-14 10:11:31.314583
615,,Hogan,matthewschmitt@example.net,001-941-483-4374x0182,INACTIVE,2025-09-10 07:40:41.378643
616,Marcus,Elliott,morrisdaniel@example.com,6264755125,INACTIVE,2025-09-10 00:34:00.048267
617,Jacob,Johnson,swatkins@example.com,001-367-834-5957x6403,ACTIVE,2025-08-11 02:42:12.491960
618,Joseph,Ray,martingarrett@example.com,+1-983-892-2501x425,ACTIVE,2025-02-01 18:49:41.802425
619,Aaron,Hernandez,kevinmiller@example.org,461.732.8507,ACTIVE,2024-12-15 23:45:55.240869
620,Andrea,Long,robertabarnett@example.com,001-831-362-5265x469,INACTIVE,2025-06-14 09:14:21.368148
621,Elizabeth,Cordova,walkercharlotte@example.org,(555)280-9961x327,ACTIVE,2025-03-07 07:21:15.633308
622,Ryan,Morgan,ronaldmitchell@example.com,+1-870-246-2268x17151,ACTIVE,2025-01-29 12:40:02.895086
623,David,Hunter,psmith@example.net,(760)346-4197x8575,ACTIVE,2026-04-30 19:02:48.254073
624,Tina,Schmidt,fberg@example.org,2599438976,ACTIVE,2025-04-27 19:00:14.836224
625,David,Burns,brendan95@example.com,(254)308-4245x60754,INACTIVE,2025-06-21 23:10:08.620009
626,Benjamin,Rodgers,gregorynichols@example.org,001-327-764-5793x8970,INACTIVE,2025-07-03 07:47:56.544886
627,Dwayne,Davila,reyestina@example.org,546-260-2416x13944,INACTIVE,2025-07-04 09:03:46.720675
628,Thomas,Hodges,shill@example.org,880-496-2440x630,ACTIVE,2025-04-22 17:14:33.127624
629,Steven,Tyler,colton30@example.net,231-794-9796x95867,ACTIVE,2025-06-09 19:17:43.714489
630,Michael,Wallace,fdickerson@example.org,+1-726-346-0917,INACTIVE,2025-03-04 14:49:05.962781
631,Traci,Wood,karen77@example.org,(299)629-5966,ACTIVE,2025-11-14 11:21:36.996306
632,Travis,Young,nicholasrush@example.org,863-831-9422,INACTIVE,2025-06-18 03:39:25.023458
633,Jeff,Lester,luis51@example.net,+1-858-688-6367x74722,ACTIVE,2024-10-06 10:38:22.625825
634,Maria,Hines,francesgarcia@example.net,+1-866-263-0932x9981,INACTIVE,2025-05-29 10:13:49.257073
635,John,Hudson,xcohen@example.org,001-796-488-3275x3273,ACTIVE,2025-05-06 00:32:54.930439
636,Patricia,Clark,rstevens@example.net,232.278.1952x371,ACTIVE,2026-02-14 05:02:26.213827
637,Richard,Meyer,eatkins@example.com,781-898-0770x460,INACTIVE,2026-03-11 11:38:57.172020
638,William,Banks,gcobb@example.org,391-725-6523x734,ACTIVE,2026-01-15 23:59:23.061015
639,Charles,Nolan,wgoodwin@example.com,247-557-4949x02284,ACTIVE,2026-07-08 22:51:31.135768
640,Anna,Reeves,shirley29@example.net,577-642-2294x6430,INACTIVE,2025-01-20 09:09:55.995996
641,Alexander,Diaz,kwoods@example.com,+1-929-885-8567x2872,ACTIVE,2024-10-14 09:38:57.535065
642,Stacey,Peterson,jamie24@example.net,001-313-757-7908x33506,INACTIVE,2025-10-09 15:54:46.200273
643,Joseph,Nixon,wallerbrian@example.net,333.542.3372x09484,ACTIVE,2026-03-23 16:38:49.125121
644,Samantha,Escobar,alexandrabrown@example.org,399.577.1805,ACTIVE,2025-09-18 09:26:22.380443
645,Scott,Alvarez,danielsjason@example.com,890-696-1739x9704,INACTIVE,2025-09-28 20:14:49.681859
646,Gregory,Hunter,stephanie44@example.net,954.288.4712,INACTIVE,2025-05-25 04:19:25.661864
647,Terri,Ruiz,haroldhodges@example.net,717-958-2313x3484,INACTIVE,2024-12-18 04:25:25.614403
648,Kevin,Lynch,mariolee@example.com,(629)525-8796,INACTIVE,2026-08-16 10:17:43.992296
649,Thomas,Chase,nathan45@example.net,(757)446-9660x606,INACTIVE,2026-09-16 05:06:45.425288
650,Katie,Smith,jasonmoran@example.com,(905)666-5883x398,ACTIVE,2024-12-21 01:06:10.026587
651,John,Nguyen,ldavid@example.com,3672349960,ACTIVE,2026-01-14 05:47:34.915390
652,Joshua,Wood,daniel21@example.com,001-662-629-4938x17359,INACTIVE,2026-02-19 17:20:34.033759
653,Donald,Carrillo,susan57@example.net,625.673.7553,INACTIVE,2025-12-18 22:27:06.774816
654,Sarah,Taylor,zsimmons@example.com,7809850960,ACTIVE,2025-04-28 11:21:06.034518
655,Matthew,Jones,cunninghamterri@example.org,+1-828-619-7931,ACTIVE,2025-09-09 04:49:30.077855
656,Pamela,Gamble,debrajones@example.net,001-257-886-0694,INACTIVE,2024-10-17 18:58:44.364179
657,Jeffrey,Simmons,melissa95@example.net,239.259.2323x421,INACTIVE,2026-04-26 09:18:18.959724
658,Amber,Blevins,monica33@example.org,926-543-3502x7160,ACTIVE,2025-07-08 21:24:39.224098
659,Sean,Ross,kellilawrence@example.org,928-798-1231,ACTIVE,2026-04-04 15:12:20.173732
660,Logan,Lee,marshmichael@example.com,617.500.6661x55416,ACTIVE,2026-10-04 06:30:21.242024
661,Christopher,Schneider,bliu@example.com,001-250-223-2902x8227,ACTIVE,2025-12-13 12:30:04.259482
662,Jason,Singh,nathan62@example.com,(928)522-5120,INACTIVE,2025-05-15 13:54:42.279159
663,Colleen,Stout,christy00@example.com,4704260869,ACTIVE,2024-12-16 03:18:09.849800
664,Michael,Walker,hmcneil@example.com,768.772.9047x742,ACTIVE,2026-09-03 00:08:08.308036
665,Elizabeth,Davis,kgoodman@example.org,(638)322-3116,ACTIVE,2025-04-04 11:07:55.918004
666,John,Blair,mark79@example.net,294.425.6529x06032,INACTIVE,2026-01-10 14:10:12.792950
667,Mary,Young,kmorris@example.com,653.796.7379x4871,ACTIVE,2025-06-07 08:42:57.202453
668,Patricia,Scott,dingram@example.net,458-341-5608,INACTIVE,2025-03-18 21:58:39.856192
669,Stephen,Rodriguez,david54@example.com,(481)282-6832x30358,INACTIVE,2026-05-11 13:54:15.408599
670,,Hall,nicholasgarcia@example.org,+1-893-928-9634x0646,INACTIVE,2025-09-10 20:57:15.635564
671,Derek,Hurley,jonesjeanette@example.net,439-891-0622x7236,INACTIVE,2025-07-16 14:56:55.364952
672,James,Flowers,perezstacy@example.org,(319)923-7245x0184,INACTIVE,2025-03-22 14:37:09.025008
673,Samuel,Short,whernandez@example.net,340-364-1769x27438,INACTIVE,2026-10-02 17:40:03.603567
674,Carrie,George,john76@example.com,7143448564,ACTIVE,2024-10-13 10:44:40.674525
675,Jennifer,Washington,bwalker@example.net,317-389-9698x609,ACTIVE,2025-11-28 11:43:14.431346
676,David,Gallagher,betty96@example.com,001-405-277-9806x603,ACTIVE,2026-01-07 14:07:35.816207
677,Mark,Carter,upham@example.com,555-753-4705x742,ACTIVE,2026-03-29 01:48:38.786658
678,Karen,Norman,megangates@example.com,(498)835-4116x597,INACTIVE,2025-02-28 16:06:41.665574
679,Melissa,Washington,linda52@example.org,301-539-4884x88269,ACTIVE,2024-12-11 04:56:14.572399
680,Jennifer,Melendez,jphelps@example.net,285-562-6149x91537,ACTIVE,2025-11-08 07:10:44.837095
681,Elizabeth,Hill,swalker@example.org,937.932.0430,ACTIVE,2025-08-02 19:23:54.049831
682,Andrea,Carroll,hlopez@example.net,(396)445-4655x3585,ACTIVE,2025-05-26 23:21:49.444565
683,Maria,Park,colinlowery@example.net,001-278-951-9358x374,ACTIVE,2025-12-30 00:44:20.413785
684,Tyler,Graham,andrewwest@example.net,6572215149,ACTIVE,2026-03-09 06:50:11.870305
685,Travis,Padilla,valerielewis@example.com,284-753-9862x8950,ACTIVE,2025-12-07 02:58:51.322827
686,Kim,Jones,morenojessica@example.net,339.322.0715,INACTIVE,2026-08-26 03:31:39.990208
687,Audrey,Rush,yballard@example.net,625.821.4526x4712,INACTIVE,2025-02-27 13:04:51.835560
688,Michael,Holland,morgankaren@example.net,209-708-0512x080,INACTIVE,2025-07-12 01:26:39.516999
689,Anthony,Stein,michele23@example.net,+1-972-483-5129x592,INACTIVE,2025-10-09 14:22:26.435360
690,Lisa,Wallace,mcconnellpamela@example.org,741-952-9821x7392,ACTIVE,2026-08-13 08:00:47.466399
691,Amy,Price,qraymond@example.net,253-752-3736,ACTIVE,2024-11-15 19:54:04.858548
692,Toni,Castillo,abbottchristopher@example.net,689-898-8683x45273,INACTIVE,2025-07-26 07:02:18.103826
693,Nicholas,Henry,jgarcia@example.com,+1-464-774-0803x149,INACTIVE,2026-03-28 00:25:48.308885
694,Amanda,Williams,paul58@example.org,+1-368-582-8503x17235,INACTIVE,2025-09-30 19:03:26.997912
695,Ashley,Austin,weeksjamie@example.net,840-235-2635,ACTIVE,2025-01-25 21:48:09.120471
696,Carol,Howell,nicole69@example.net,+1-243-846-0666x4374,ACTIVE,2024-11-03 12:56:11.062170
697,Katie,Anderson,chadwilson@example.org,612.385.2464x8449,INACTIVE,2026-04-12 21:25:45.050754
698,Ralph,Blackwell,stephaniepeters@example.com,228.807.7113,ACTIVE,2025-02-15 18:18:56.804921
699,Kathryn,Drake,ryanwood@example.net,(279)408-3350,INACTIVE,2025-06-10 08:28:14.390250
700,Stephanie,Weeks,steven06@example.com,(248)913-2357,ACTIVE,2024-11-23 16:31:03.608266
701,John,Rice,douglasbrandt@example.org,716-288-0925,ACTIVE,2025-01-16 19:39:58.729641
702,Dale,Hall,dsmith@example.com,001-891-930-9810x79649,ACTIVE,2026-07-30 22:02:23.943199
703,John,Henry,michael77@example.org,885.632.4264x250,INACTIVE,2025-01-17 04:23:04.901692
704,Steve,Page,vanessamartinez@example.net,(736)866-7776x755,ACTIVE,2025-01-09 05:49:58.539747
705,Alyssa,Sanchez,ashleygould@example.net,+1-995-678-6543x62718,ACTIVE,2026-07-26 20:28:36.409330
706,Stephanie,Berg,nwilliams@example.com,+1-826-486-2703,ACTIVE,2025-04-21 15:50:42.022812
707,Julie,Elliott,danielleandrews@example.org,(265)373-2759,ACTIVE,2026-05-01 20:46:29.329467
708,Christopher,Smith,riverachristopher@example.com,923.941.5959,INACTIVE,2025-06-08 08:40:01.627362
709,Gregory,Turner,rachelhernandez@example.com,589-362-8874,INACTIVE,2026-01-31 22:45:52.221581
710,,Wallace,taylorparker@example.com,720.795.7992x7079,INACTIVE,2026-09-25 14:02:02.200308
711,Olivia,Jones,clairebyrd@example.org,835-441-5970,ACTIVE,2025-06-27 18:55:17.427222
712,Johnny,Palmer,burnsrebecca@example.org,+1-234-447-6504x7158,INACTIVE,2026-07-03 00:19:02.746652
713,Sara,Smith,turnerjames@example.com,(660)546-5586x6525,INACTIVE,2025-09-26 02:04:13.993422
714,Joseph,Gentry,trujillorobin@example.net,402-513-1251,INACTIVE,2026-04-25 23:01:20.396199
715,Michelle,Smith,doylematthew@example.net,429-575-1910,INACTIVE,2026-08-05 14:06:13.341388
716,Sara,Lopez,smithlatasha@example.org,901.465.8373,INACTIVE,2025-09-11 18:06:09.943900
717,Jessica,Vargas,ramoswilliam@example.org,(534)428-9311,INACTIVE,2026-06-15 21:39:50.367001
718,Katelyn,Perez,lreid@example.com,+1-668-443-6453x804,ACTIVE,2024-11-20 05:36:05.603545
719,Bryan,Cooper,harveylisa@example.org,+1-970-715-9591x94575,ACTIVE,2025-10-04 00:32:31.021309
720,Kathryn,Edwards,jeremyjackson@example.net,(867)275-6777x226,INACTIVE,2026-07-03 23:29:21.980999
721,Kristina,James,reginaldsmith@example.net,(429)623-1067,INACTIVE,2025-06-07 09:46:43.574868
722,Andrew,Myers,maria84@example.org,779.376.6270,INACTIVE,2024-11-21 21:05:43.962491
723,Marcus,Woods,donald87@example.org,(670)742-5496x91928,ACTIVE,2026-03-17 10:13:03.864719
724,Lindsay,Shields,annette71@example.org,756.533.5357x485,ACTIVE,2026-07-24 19:02:00.565454
725,Tammy,Harrington,jeanlynch@example.org,997.905.8162x9518,ACTIVE,2025-12-18 04:37:13.123828
726,Patricia,Mullen,carl63@example.com,001-425-607-3305x597,ACTIVE,2026-09-02 19:58:04.477248
727,Todd,Edwards,madisonbrewer@example.net,+1-614-603-8843x660,INACTIVE,2025-03-02 04:46:06.109413
728,Kenneth,Johnson,dmiller@example.org,968.629.7514x743,ACTIVE,2025-01-31 00:02:02.569617
729,David,Blanchard,williamsmark@example.com,(225)668-0656x259,ACTIVE,2025-05-28 16:35:27.694980
730,Katherine,Williams,sharpjennifer@example.com,712-721-8231,INACTIVE,2025-06-08 00:33:17.575694
731,Robert,Potter,dmorales@example.net,(262)281-3721x43308,INACTIVE,2026-01-16 15:11:21.678994
732,Heidi,Mendoza,robinsonjesse@example.org,(985)256-6084,INACTIVE,2026-02-05 03:58:25.272963
733,Heidi,Pierce,gonzalezbarry@example.org,001-870-551-9582,ACTIVE,2025-01-23 05:24:24.454900
734,Adrian,Burton,joseph58@example.com,(339)645-3546,INACTIVE,2025-08-29 22:14:14.135129
735,Sean,Faulkner,hharris@example.org,(613)539-4394x5703,INACTIVE,2025-10-12 08:28:45.624215
736,Kyle,Robinson,michelleclark@example.net,(357)269-2778x9431,ACTIVE,2026-06-18 20:55:52.576988
737,Christine,Vincent,sarah47@example.com,001-292-610-5336x5146,INACTIVE,2026-04-19 19:10:44.979546
738,Rachel,Turner,stephen31@example.net,001-207-920-1137x9844,INACTIVE,2024-11-19 05:35:32.102544
739,,Lewis,bgregory@example.org,667.262.0901x4473,INACTIVE,2026-02-06 08:01:57.483726
740,Sylvia,Lopez,ppatrick@example.org,001-768-973-0451,INACTIVE,2026-05-26 12:29:51.780986
741,Amy,Brooks,jessica82@example.com,001-856-729-6575x4278,INACTIVE,2026-09-06 06:41:43.622064
742,Christopher,King,marvinhoward@example.com,482.505.8295x829,ACTIVE,2026-05-29 10:07:14.480463
743,Randy,Colon,mooneyamy@example.net,390-748-2357,ACTIVE,2026-03-22 14:39:20.011350
744,Laura,Kelley,zmills@example.org,001-356-913-7230,INACTIVE,2025-01-17 10:54:08.949170
745,Charles,Clements,katelynturner@example.org,+1-413-300-0413,INACTIVE,2024-11-21 23:07:30.568758
746,Shaun,Wilson,dorothy09@example.com,965-734-6997x99070,INACTIVE,2025-06-17 18:24:22.383605
747,Jonathan,Wells,xmullins@example.org,(399)557-0607x17481,INACTIVE,2026-03-17 01:50:08.351206
748,Jennifer,Nielsen,vjames@example.org,+1-470-254-8739x610,INACTIVE,2026-08-18 09:32:11.977320
749,Sean,Shaw,khill@example.com,+1-604-491-8727,ACTIVE,2024-11-02 02:10:26.145671
750,Carolyn,Simmons,tanyajones@example.com,530.962.6042x3597,INACTIVE,2026-05-17 12:56:08.002425
751,Stacy,Wilson,donaldyang@example.net,001-307-875-6085,ACTIVE,2025-09-15 00:04:30.120196
752,Joshua,Grant,fjones@example.com,+1-957-768-3210x21923,INACTIVE,2025-11-15 03:38:48.588720
753,Timothy,Arellano,brandiwilson@example.org,232.342.6050,INACTIVE,2025-10-22 04:31:09.024723
754,Joseph,Moreno,nicole25@example.org,433.477.7312x6881,INACTIVE,2026-06-22 15:28:05.185318
755,Dustin,Hodges,epalmer@example.net,(236)753-4606,ACTIVE,2026-04-27 05:47:44.851043
756,Anthony,Powers,peter93@example.net,(679)986-2398,INACTIVE,2026-04-21 17:44:01.799724
757,Ryan,Johnson,hoffmanjanet@example.org,001-905-846-4754x89547,ACTIVE,2026-04-10 06:48:50.285675
758,Mary,Lawrence,taylordavis@example.com,588-591-4444x98355,INACTIVE,2025-06-15 14:05:48.072771
759,Kirk,Petersen,mramirez@example.com,+1-439-324-3588x53798,INACTIVE,2026-03-17 07:20:29.990386
760,Nancy,Little,carlyschultz@example.com,(775)436-7497,ACTIVE,2025-04-08 01:51:33.222792
761,Charles,Martinez,zli@example.org,834-577-8948,ACTIVE,2025-04-16 02:16:34.556976
762,Tina,Fuller,elarson@example.com,(651)422-1500x1418,INACTIVE,2026-04-29 14:34:26.571321
763,Sara,Mcdaniel,billkeller@example.org,5156944633,INACTIVE,2026-08-12 18:46:41.158213
764,Michael,Young,spencerlevi@example.org,(663)989-0219,INACTIVE,2025-01-02 23:54:49.925502
765,John,Russell,stephenmartin@example.org,841.903.4699,ACTIVE,2025-03-08 21:08:34.661431
766,Craig,Miller,vramos@example.com,+1-960-884-3768x550,ACTIVE,2026-06-08 07:22:57.421911
767,Catherine,Watson,burkeholly@example.com,(663)535-5643,INACTIVE,2025-07-08 04:21:41.039514
768,Natalie,Yu,debbiebrown@example.net,9698556076,ACTIVE,2024-12-08 08:30:57.333834
769,Jonathan,Perez,rhonda47@example.org,(739)289-8306,INACTIVE,2026-04-12 16:32:13.502627
770,Christopher,Moon,gilbertangela@example.com,484-572-4264,INACTIVE,2025-07-30 02:39:47.461621
771,Garrett,Jones,oliverashley@example.net,(348)376-2303,INACTIVE,2026-04-21 13:07:32.026855
772,Joseph,Logan,maxwellangela@example.com,001-222-882-3052x4808,ACTIVE,2025-01-10 13:59:35.512005
773,Brandon,Moore,johnlynch@example.com,001-247-337-2132,ACTIVE,2026-09-21 23:05:42.495278
774,Derek,Mitchell,zbyrd@example.net,+1-668-878-5996,ACTIVE,2025-02-02 22:03:45.196502
775,Michaela,Martinez,clarkcarol@example.com,519-866-6450x5730,ACTIVE,2026-04-23 04:19:17.619943
776,Karen,Cole,deborahturner@example.org,(703)574-7677,INACTIVE,2025-09-07 10:28:16.727531
777,Robert,Williams,pennylivingston@example.com,(905)276-6194x588,ACTIVE,2026-08-17 06:10:11.541158
778,Misty,Mendoza,mark48@example.org,7122840083,INACTIVE,2025-08-27 12:32:20.606476
779,Matthew,Austin,christy45@example.org,791.977.6808x98126,ACTIVE,2026-03-22 07:33:27.550361
780,,Thomas,christopherreyes@example.com,500.840.2369,ACTIVE,2026-05-11 00:05:01.707997
781,Nicole,Simmons,veronica30@example.org,(304)371-3727,ACTIVE,2026-02-05 00:01:48.848612
782,Lisa,Cooper,melissa49@example.net,+1-555-582-9849,INACTIVE,2026-05-22 07:07:27.798014
783,Ryan,Nelson,victor60@example.net,741-828-3337x2188,ACTIVE,2026-03-30 09:41:49.473061
784,Robert,Rivera,sanchezcindy@example.net,250-766-6267,ACTIVE,2026-08-19 21:34:43.031897
785,David,Young,zreilly@example.net,466.734.3925,INACTIVE,2025-12-11 12:08:29.121898
786,Melissa,Garcia,hoganalan@example.net,(371)220-0720x24559,INACTIVE,2025-02-01 16:42:55.532711
787,Kyle,Garcia,mcneilchristina@example.org,(367)614-9498,INACTIVE,2025-01-13 06:16:46.260696
788,Steven,Phelps,dawngraves@example.org,693.840.6527x7584,INACTIVE,2025-08-05 07:46:21.515678
789,Sarah,Bauer,elizabeth33@example.com,(920)410-9121,INACTIVE,2025-01-21 02:03:23.173034
790,,Townsend,beth76@example.com,889-543-7052,INACTIVE,2025-06-13 02:00:22.112778
791,Brandon,Randall,perry77@example.net,(357)925-6592x0246,ACTIVE,2026-07-05 13:20:36.557126
792,Matthew,Williams,johnmunoz@example.com,726.200.5595,INACTIVE,2024-12-19 09:52:44.718599
793,Kelsey,Costa,jasoncook@example.net,001-684-986-8999x3607,ACTIVE,2024-11-05 12:31:20.621953
794,Marvin,Russell,wellsnatalie@example.com,+1-693-859-3744x039,INACTIVE,2025-04-15 20:23:53.154103
795,Alyssa,Williams,aallen@example.com,2149886084,ACTIVE,2026-09-26 08:29:46.436125
796,Jason,Stanley,kimberly36@example.net,001-452-683-0615x3701,ACTIVE,2025-02-04 11:21:14.156724
797,Kelly,Scott,rebeccaharris@example.org,(314)648-8112x103,ACTIVE,2026-09-09 00:33:57.273716
798,Daniel,Hayes,masonmary@example.net,581.679.4151x526,INACTIVE,2026-03-17 20:00:32.289188
799,Rhonda,Oliver,gayfrancis@example.com,(888)337-5056,INACTIVE,2026-05-16 16:53:19.526366
800,Kimberly,Powell,jameswalsh@example.net,001-513-278-7655x3007,INACTIVE,2025-11-25 01:33:50.375426
801,Andre,Beck,deborah60@example.com,712.319.8819x277,INACTIVE,2026-01-03 12:23:35.466607
802,Antonio,Conley,john86@example.com,7108424624,ACTIVE,2026-09-20 19:59:26.859573
803,Theresa,Cox,tparker@example.com,3047521289,INACTIVE,2024-12-25 19:45:07.248605
804,Theresa,Tate,pamela29@example.org,001-613-604-4881,INACTIVE,2024-12-16 08:55:15.882996
805,Richard,Galvan,samantha61@example.net,340-621-1901x70756,INACTIVE,2025-01-28 00:15:26.790616
806,Sheila,Jacobson,christopherjackson@example.net,001-810-273-2283,ACTIVE,2026-02-13 18:18:15.891639
807,Nancy,Ray,travisyoung@example.com,896.638.4526,INACTIVE,2025-04-18 18:25:28.881779
808,Christina,Preston,mscott@example.com,3165934292,INACTIVE,2025-01-08 18:09:18.381612
809,Billy,Bolton,simongabriella@example.org,341.790.3106,INACTIVE,2025-03-03 17:28:09.220647
810,Drew,Ramsey,meltonmark@example.com,(684)873-2365x3377,INACTIVE,2024-11-08 18:00:27.407547
811,Aaron,Ford,harringtonmartha@example.net,284.936.1424x426,INACTIVE,2026-04-30 22:33:42.471978
812,Alyssa,Willis,kevin37@example.org,001-947-864-2737x203,INACTIVE,2025-03-12 21:18:17.000420
813,Stacy,Hicks,danielgriffith@example.net,614-584-6019x134,INACTIVE,2026-04-10 12:24:36.946591
814,Elizabeth,Hawkins,courtneymadden@example.org,(505)486-9507,ACTIVE,2024-12-22 05:42:29.735559
815,Kirk,Duran,heather49@example.org,+1-269-799-5167x9335,ACTIVE,2025-06-21 16:47:26.127997
816,Katherine,Patel,jperez@example.org,001-311-392-3603x768,INACTIVE,2026-02-13 10:24:26.354057
817,Theresa,Alexander,jeffreylewis@example.com,904-509-6149,ACTIVE,2024-12-11 07:01:43.104563
818,Sandra,Carr,trujillokylie@example.net,001-330-574-8207x3651,INACTIVE,2026-08-10 13:28:26.069069
819,Joshua,Simmons,sarah78@example.net,(501)290-4322,ACTIVE,2026-03-23 00:55:14.765796
820,James,Clark,kennethbrown@example.com,492.301.3546,INACTIVE,2026-06-04 22:45:00.596637
821,Erik,Gray,nicholaspatel@example.net,(711)923-1261x63248,INACTIVE,2025-01-26 23:32:30.071815
822,Wendy,Patel,stephaniecoleman@example.net,945.349.3036x468,INACTIVE,2026-07-04 23:23:04.551789
823,Darrell,Neal,hallisabella@example.org,+1-576-492-0828,INACTIVE,2025-03-28 16:09:40.456125
824,Brent,Garrison,allenandrea@example.com,581.344.5822x06732,ACTIVE,2025-10-17 08:40:11.547355
825,Colleen,Jones,rojasmarc@example.org,+1-345-500-0000x15291,INACTIVE,2025-09-20 04:55:56.396442
826,Linda,Gonzales,brian90@example.net,(455)361-8444,ACTIVE,2025-11-06 16:23:58.905441
827,Dylan,Barnett,hmitchell@example.org,(224)889-0567,ACTIVE,2025-09-10 08:50:00.787405
828,Bradley,Williams,nina65@example.net,615-584-8266x91362,INACTIVE,2026-09-27 16:02:16.999836
829,Mike,Williams,lorraine96@example.net,9807706336,ACTIVE,2026-05-01 13:04:40.406726
830,Andre,Weber,davidbrown@example.org,664-481-8804,INACTIVE,2025-11-07 22:14:45.572805
831,Thomas,Gilmore,zacharygray@example.org,616.843.2126x94289,ACTIVE,2025-05-09 09:16:40.457552
832,Andrew,Suarez,michealhardy@example.net,(631)244-1706x46255,INACTIVE,2025-02-17 07:19:14.153874
833,Kristina,Griffith,matthew24@example.org,001-201-576-4644x8988,ACTIVE,2026-03-21 19:48:56.695772
834,Micheal,Hawkins,mariahill@example.net,(579)505-0404,ACTIVE,2026-08-04 11:31:16.646097
835,Jason,Hubbard,james84@example.net,216-532-1119x78718,INACTIVE,2025-03-29 02:54:54.979757
836,Christopher,Shelton,zrobinson@example.net,830-260-1198x75617,ACTIVE,2024-10-11 19:13:32.361000
837,Jack,Hoover,willismatthew@example.com,982-998-0365,ACTIVE,2025-04-14 18:28:23.256384
838,Justin,Werner,hornerebecca@example.org,+1-336-659-5201x491,INACTIVE,2024-12-22 12:32:37.826162
839,Kelly,Hall,bcooper@example.net,(463)322-3998,INACTIVE,2025-03-28 10:11:28.757586
840,Joshua,Morgan,davissarah@example.net,001-842-888-6050x5376,INACTIVE,2026-09-09 20:37:32.501840
841,Julia,Stone,wilsondavid@example.org,3302835669,INACTIVE,2025-07-13 04:16:41.088115
842,Gail,Jones,corythompson@example.org,955-806-8826x917,ACTIVE,2026-04-14 09:35:28.990520
843,Dawn,Thomas,traceyguerra@example.com,001-901-434-8087x3543,INACTIVE,2025-07-28 15:28:30.595177
844,Jason,Brewer,brownelizabeth@example.com,001-409-208-5991x449,INACTIVE,2026-03-10 01:04:46.540710
845,Shawn,Scott,richardharper@example.net,+1-669-496-4899x718,INACTIVE,2025-10-30 00:07:56.482329
846,Michael,Cruz,dylancunningham@example.com,4845993231,INACTIVE,2025-05-07 01:57:53.011475
847,Donald,Costa,delliott@example.com,+1-508-672-6176x072,ACTIVE,2025-11-18 06:52:39.975048
848,Virginia,Perez,markbates@example.com,+1-838-728-0405x6129,ACTIVE,2024-10-25 21:01:19.661657
849,Linda,Bowers,wgarza@example.net,+1-926-841-8696x56130,ACTIVE,2024-12-14 18:39:02.971641
850,Maria,Khan,lindsayedwards@example.com,001-214-434-6823x94840,INACTIVE,2025-09-18 11:30:47.612633
851,Jeffrey,Smith,yburke@example.org,7162831139,ACTIVE,2024-11-08 00:10:23.665592
852,Carl,Rose,christopher91@example.net,607-662-8397x62053,ACTIVE,2024-10-16 06:58:25.327835
853,Tyler,Ramos,peter07@example.org,001-266-429-2508x1776,INACTIVE,2025-11-21 00:49:34.829669
854,Sarah,Jones,andrew88@example.com,733-437-3125,ACTIVE,2025-03-01 00:20:30.551932
855,Ruth,Morales,fstephens@example.com,3325119206,ACTIVE,2026-04-05 02:41:25.053543
856,John,Palmer,david78@example.net,(261)433-7184x449,INACTIVE,2026-06-27 13:08:44.759156
857,Marcus,Thomas,ccarter@example.org,(944)903-7341x67812,ACTIVE,2026-02-03 10:29:56.640270
858,George,Lopez,flowersdanielle@example.com,001-782-913-4862,INACTIVE,2026-04-29 23:45:32.174316
859,Gloria,Kim,odelacruz@example.net,518.928.5605,ACTIVE,2026-09-05 02:18:40.940016
860,Andrew,Floyd,hpowell@example.com,406.373.6820x5068,ACTIVE,2026-01-28 07:50:01.013958
861,George,Walker,mark21@example.com,+1-350-458-7146x92182,INACTIVE,2025-05-31 03:49:09.228369
862,Raymond,Bryant,grantamanda@example.net,736-299-8480x220,ACTIVE,2026-08-29 23:37:05.407784
863,Heather,Hall,mproctor@example.net,001-348-642-4959x881,INACTIVE,2025-06-14 07:41:59.196541
864,Connie,Romero,dominguezscott@example.com,(438)267-6738,INACTIVE,2026-08-17 04:53:35.791727
865,Shannon,James,stuartbryan@example.net,+1-477-498-7682x99687,INACTIVE,2025-05-25 20:15:18.742250
866,Barbara,Snyder,gibbsamanda@example.net,906.223.5040x56695,INACTIVE,2024-10-26 09:11:35.938534
867,David,Ramirez,kimberlycooper@example.com,642-486-7963x259,ACTIVE,2026-01-13 06:31:15.043711
868,Cynthia,Anderson,kristine33@example.net,001-715-962-4152,ACTIVE,2025-02-10 22:57:45.902804
869,Sierra,Price,richardlawrence@example.net,858.795.1381,INACTIVE,2025-06-28 05:14:03.266878
870,Stephanie,Burns,stephanie85@example.org,+1-357-344-3034x918,ACTIVE,2026-08-02 13:50:33.815498
871,Carol,Martin,adriennebush@example.net,740.615.3641,ACTIVE,2025-08-31 09:46:22.671357
872,Mark,Murphy,robinsonglenn@example.net,267.281.3675,ACTIVE,2026-09-05 02:53:12.726757
873,Joseph,Bradford,campbellkayla@example.org,9522769819,ACTIVE,2025-12-19 23:57:28.972263
874,Mary,Todd,nelsondavid@example.net,885.962.2586x60598,INACTIVE,2025-11-01 16:07:39.441589
875,Joshua,Huffman,trevormorgan@example.com,001-648-359-6559x4282,ACTIVE,2026-09-10 20:13:55.319250
876,Lisa,Patterson,anthony00@example.org,(345)739-3132,INACTIVE,2026-06-30 09:59:38.756083
877,Chad,Smith,timothy83@example.net,+1-968-421-4448x8966,ACTIVE,2025-10-03 22:36:19.202991
878,Melissa,Mooney,rodneynolan@example.com,001-546-420-2582x5431,ACTIVE,2026-03-04 20:50:03.051057
879,Lindsey,Rodriguez,jamesbrown@example.org,+1-820-649-1060x183,INACTIVE,2025-09-26 14:28:22.465632
880,James,Tran,andrew27@example.com,417.822.5775x45847,INACTIVE,2025-01-25 01:13:10.299423
881,Ashley,Johnson,christinedixon@example.net,001-476-383-1608x2717,INACTIVE,2025-09-02 22:57:29.022144
882,Jason,Ramos,sararios@example.org,8524229993,INACTIVE,2026-09-01 20:43:37.873570
883,Jessica,Lloyd,bowmanjoel@example.net,(732)655-3983,ACTIVE,2025-04-16 21:09:31.468845
884,David,Hardy,fmclaughlin@example.org,(964)330-9544,INACTIVE,2025-02-12 19:52:35.639911
885,Sean,Summers,ksmith@example.org,912.705.3978x713,INACTIVE,2025-01-13 00:18:27.495202
886,Stephanie,Bautista,davidjohnson@example.net,001-912-956-0832x00487,ACTIVE,2025-06-16 04:07:00.289776
887,Jason,Singh,elizabeth52@example.org,+1-786-300-3044x3619,ACTIVE,2025-09-05 04:23:41.115572
888,Michael,Wiggins,monicaduncan@example.org,5299295014,INACTIVE,2025-04-24 11:35:25.348461
889,Miranda,Dixon,salazarjames@example.org,001-367-413-9719,INACTIVE,2025-07-21 14:30:39.158475
890,Cynthia,Dennis,clarkdavid@example.net,001-876-372-0191x116,INACTIVE,2025-01-06 14:30:20.275815
891,,Martinez,griffinjennifer@example.net,001-787-533-9304x9366,INACTIVE,2025-10-30 15:37:39.743526
892,Donna,Gibson,kimberly12@example.com,(711)240-8682,INACTIVE,2025-11-29 01:48:59.316498
893,Mark,Taylor,nicholas09@example.org,001-955-261-0399x529,INACTIVE,2026-04-24 02:57:12.584838
894,Jeremy,Chavez,joshuacoleman@example.com,+1-658-356-4230,INACTIVE,2026-07-14 17:54:48.552524
895,Kimberly,Johnson,bconrad@example.org,(292)973-8740x299,ACTIVE,2026-03-13 02:30:19.342367
896,Tamara,Reynolds,gutierrezdavid@example.com,715.854.2034x03010,INACTIVE,2026-09-02 18:35:26.433862
897,Anne,Tate,yrichardson@example.com,+1-915-379-5546x234,INACTIVE,2025-01-11 23:28:45.915702
898,Lisa,Murray,rodriguezangela@example.org,410.830.6831x76417,ACTIVE,2025-10-16 03:18:06.883944
899,Amy,Black,seth29@example.org,001-215-907-1380x6713,ACTIVE,2026-03-08 13:27:50.369455
900,Martin,Novak,michael84@example.com,736-921-3009x6258,INACTIVE,2025-08-11 02:57:06.369781
901,Ruben,King,harrisanna@example.com,839.462.7466,INACTIVE,2024-11-30 15:57:10.749871
902,Brenda,Warren,hollyalvarez@example.org,2463661459,INACTIVE,2026-05-07 19:30:04.817229
903,Brent,Chapman,qmartinez@example.org,2497388194,INACTIVE,2025-04-04 02:34:19.470837
904,Whitney,Jones,bobbybishop@example.net,5943976987,ACTIVE,2025-02-26 03:00:30.046113
905,Brittany,Jennings,jreyes@example.net,616-561-2374x0779,INACTIVE,2025-03-23 10:12:51.430375
906,Grant,Morris,jasonbarker@example.net,+1-499-249-9197x01426,INACTIVE,2025-03-09 13:52:32.432907
907,,Murray,danieljenkins@example.org,+1-904-418-1359x98989,ACTIVE,2026-07-21 13:44:14.653451
908,Christopher,Wallace,simonamanda@example.net,001-448-401-8644,ACTIVE,2026-04-10 14:05:19.974593
909,Shannon,Beard,alejandra39@example.com,957.308.2004x80675,INACTIVE,2026-06-01 10:26:26.026692
910,Hector,Lopez,evansrichard@example.net,+1-812-987-9429x68827,INACTIVE,2026-02-01 11:17:16.510215
911,Brendan,Williams,jerome14@example.org,001-461-956-0783,ACTIVE,2025-04-29 13:08:28.689280
912,Patricia,Vazquez,mathewbennett@example.org,001-579-662-4096x49668,INACTIVE,2026-08-18 09:51:28.327446
913,Ruben,Baker,edward70@example.org,+1-851-662-2593,ACTIVE,2025-11-04 09:04:39.536258
914,David,Shaw,josephross@example.net,339.806.2467x28799,ACTIVE,2024-10-20 02:47:06.106904
915,Marissa,Davis,lewismaria@example.net,001-435-592-3613x37605,INACTIVE,2024-11-04 23:51:02.302041
916,Jonathan,Hawkins,moraleskimberly@example.net,3258447241,ACTIVE,2025-05-24 05:06:51.432418
917,Anthony,Lee,joshua96@example.com,277-218-2498,ACTIVE,2026-06-28 19:39:51.092893
918,Steven,Arnold,nelsonscott@example.com,513.859.2664x86989,ACTIVE,2026-02-24 18:28:15.504536
919,Andrea,Collins,sbradley@example.org,759-545-0119x29207,INACTIVE,2026-02-25 03:26:24.131363
920,Patrick,Neal,daniel71@example.com,+1-603-798-8636x53621,INACTIVE,2025-07-03 00:39:52.266171
921,Brian,Washington,johnsondiana@example.net,824-889-4204x6648,ACTIVE,2025-10-02 10:07:18.910674
922,Brendan,Mccormick,evan45@example.com,(277)858-0974x533,INACTIVE,2025-01-07 14:13:54.783602
923,Melody,Wood,yliu@example.org,+1-226-254-0165x9953,ACTIVE,2026-02-23 12:53:59.356942
924,Emma,Martin,davidhernandez@example.org,001-376-477-4625x91601,ACTIVE,2025-04-27 05:16:14.957429
925,Tonya,Davis,amanda86@example.org,9804179867,INACTIVE,2025-02-24 02:16:16.331560
926,Christian,Lane,scott04@example.com,(264)526-1212,INACTIVE,2025-10-25 06:07:47.608666
927,Jeremy,Wolf,bpeterson@example.com,001-496-680-7852x548,INACTIVE,2025-01-05 10:42:16.193636
928,Emily,Neal,wesleyjohns@example.com,001-340-406-4454x75231,ACTIVE,2026-08-24 22:01:32.349239
929,Eric,Marquez,imitchell@example.net,001-579-817-7633x42720,ACTIVE,2026-02-16 10:40:35.464638
930,Lori,Hurst,jennifer80@example.org,+1-463-604-5306x935,ACTIVE,2026-01-02 22:03:34.596015
931,Jerome,Abbott,alexander18@example.org,001-667-678-4816x524,INACTIVE,2026-08-04 16:50:54.331591
932,Stephanie,Green,ibrown@example.org,+1-351-279-9378,INACTIVE,2026-01-15 19:37:53.766490
933,Debra,Lozano,john91@example.org,+1-878-484-8699,ACTIVE,2026-07-12 08:00:19.722867
934,Kathy,George,victoria57@example.net,001-827-614-7246x301,INACTIVE,2025-02-08 20:39:51.477986
935,David,Harris,brittanymartin@example.org,491.521.8706,INACTIVE,2026-09-22 08:43:20.378927
936,Zachary,Robertson,josephangela@example.org,(221)201-0232,INACTIVE,2024-11-19 01:09:19.242931
937,Alexa,Murray,bwilson@example.net,+1-398-676-1081x4356,INACTIVE,2024-11-18 02:01:56.527467
938,Jenny,Hurst,sarah31@example.net,207.246.8235x46951,ACTIVE,2025-02-26 01:06:51.338742
939,Kendra,Smith,amoon@example.com,859-667-1500x666,INACTIVE,2024-12-10 05:30:45.977277
940,Alexander,Holland,kerry11@example.net,640.978.5169,ACTIVE,2024-11-03 15:42:42.940700
941,Christina,Richardson,russellkelley@example.com,+1-826-989-9962,ACTIVE,2026-04-30 08:49:27.820138
942,Allison,Fernandez,kennedywanda@example.net,+1-979-815-0596x2571,ACTIVE,2024-10-21 01:54:20.026950
943,Brooke,Martinez,andersonnicole@example.com,789.482.6041x809,INACTIVE,2026-08-22 04:49:23.288478
944,Kristen,Ward,teresa17@example.com,441.627.4692x118,INACTIVE,2024-12-10 03:18:47.051444
945,Jennifer,Powell,ryanthompson@example.org,+1-375-789-1704x542,ACTIVE,2026-02-13 11:21:46.244101
946,Nathan,Bass,floreskimberly@example.org,2923257090,INACTIVE,2026-01-08 18:07:27.439314
947,Jeffrey,Padilla,robert07@example.org,724.672.8289,ACTIVE,2024-10-07 16:47:05.367450
948,Christopher,Meyer,eugenegreen@example.com,912.361.6850,INACTIVE,2024-11-16 01:02:34.069646
949,Michael,Hart,davisautumn@example.org,+1-927-211-5261x053,ACTIVE,2026-05-26 14:16:25.571254
950,Derek,Williams,bjones@example.net,900-874-1894x85432,INACTIVE,2025-12-11 06:02:27.960270
951,Ashley,Grimes,mcooper@example.com,371-561-9827x348,INACTIVE,2026-07-24 16:14:27.777853
952,Jessica,Jones,martin25@example.net,+1-796-432-1743x57483,INACTIVE,2025-08-07 07:14:06.299221
953,Bruce,Atkins,bwilliams@example.com,698.434.4883,INACTIVE,2025-05-24 05:44:31.908185
954,Jeremy,Morse,richard28@example.org,750-877-4065x79551,INACTIVE,2025-01-28 11:37:55.823757
955,Anne,Daniel,wheeleramber@example.com,001-851-307-4091x31117,ACTIVE,2025-12-17 01:02:50.948766
956,,Thomas,janet76@example.org,+1-422-406-9535x41201,ACTIVE,2025-08-19 18:19:55.015569
957,Lee,Leon,monica00@example.org,(201)951-5325x94795,INACTIVE,2025-04-28 09:07:38.674165
958,Stephanie,Vasquez,ipadilla@example.com,+1-680-559-5031x006,ACTIVE,2026-09-12 10:48:25.751067
959,Kendra,Smith,smithmichael@example.org,660.389.4118,INACTIVE,2026-09-01 21:57:02.123271
960,Veronica,Rogers,susanhoward@example.org,(295)220-5610x067,ACTIVE,2025-07-21 13:52:44.421837
961,Roy,Sloan,jonespaul@example.com,740.537.8423x3944,ACTIVE,2024-10-18 23:43:21.736639
962,Philip,Ellis,matthewsmith@example.org,+1-350-917-3654x2624,INACTIVE,2025-10-31 10:44:42.073525
963,Isaiah,Brown,dorisarmstrong@example.org,234.851.1009,INACTIVE,2026-06-08 19:51:10.582201
964,Brandon,Sanchez,pdixon@example.org,(211)666-7329,INACTIVE,2026-07-20 19:07:00.525380
965,Matthew,Hester,kcook@example.net,+1-875-692-1299,ACTIVE,2025-02-03 08:26:01.097112
966,Brandon,Ashley,robertbrock@example.org,9279558214,ACTIVE,2026-07-16 01:55:23.271249
967,Heather,Martinez,zwilson@example.com,(438)302-3621,ACTIVE,2025-06-18 13:14:49.530803
968,Renee,Floyd,rsharp@example.com,001-716-711-8638,ACTIVE,2025-11-09 22:38:24.464461
969,Christopher,Chapman,ashley77@example.org,001-516-388-0053x789,INACTIVE,2025-11-07 22:26:34.226854
970,Nicholas,Bender,znolan@example.net,454-501-8227x200,INACTIVE,2025-12-27 06:44:59.134993
971,Amanda,Garrett,derekdougherty@example.org,714-547-4328x116,ACTIVE,2026-02-28 03:29:33.550962
972,Emily,Fitzgerald,andersoncynthia@example.org,523-222-7752x135,ACTIVE,2026-07-22 08:23:47.138484
973,Katherine,Gordon,drogers@example.com,863-300-5937x775,ACTIVE,2025-12-24 09:44:02.762065
974,Jeffrey,Tate,pearsonvicki@example.org,(517)646-9029x83104,ACTIVE,2024-11-21 20:39:10.659920
975,Paul,Martin,solisjames@example.org,(570)880-5685x66706,INACTIVE,2026-08-14 06:01:00.161915
976,Christopher,Hunt,dcox@example.com,001-644-540-7663,INACTIVE,2026-03-11 23:08:03.401767
977,Ashley,Cooper,deborah62@example.com,422.662.6114,INACTIVE,2025-03-11 02:41:24.183068
978,Robert,Taylor,shelley85@example.com,+1-521-688-0879x91962,INACTIVE,2026-07-28 20:55:49.908112
979,Jennifer,Barrett,mbaker@example.net,532-247-2505x83334,ACTIVE,2026-05-17 21:40:17.584185
980,John,Miller,melinda87@example.com,7549576947,INACTIVE,2025-07-24 04:52:21.809901
981,Jennifer,Le,jennifer53@example.com,865.397.4669,ACTIVE,2025-08-14 18:36:10.154800
982,Rebecca,Martinez,matthewwood@example.net,001-409-759-4815x269,INACTIVE,2026-05-01 13:09:02.768543
983,Nathan,James,megan21@example.org,4748235914,INACTIVE,2025-01-01 12:26:21.888656
984,Lisa,Williams,debra93@example.org,(861)545-4307,INACTIVE,2026-01-27 12:06:34.536683
985,Stephen,Garcia,johnsondebbie@example.net,978-352-2115,ACTIVE,2026-08-04 05:38:11.620229
986,Angela,Flores,michaelmontes@example.com,001-226-887-4470x1732,INACTIVE,2026-05-08 22:18:40.513273
987,Nancy,Hoover,rebeccaford@example.org,001-366-656-3370,ACTIVE,2026-07-31 11:48:49.586004
988,,Williams,lisa78@example.org,4554800027,INACTIVE,2024-11-21 00:10:18.134574
989,Jacob,Ford,davidjohnson@example.com,291.536.8172,INACTIVE,2024-12-31 20:22:07.017927
990,Nicholas,Reed,aprilmyers@example.net,7925973525,ACTIVE,2026-07-30 09:49:46.413479
991,Eddie,Hernandez,nperez@example.org,899.320.4573x53236,INACTIVE,2025-10-09 13:26:52.585001
992,Teresa,Harrison,solomonandrea@example.com,5828697182,ACTIVE,2024-11-01 04:23:52.736734
993,Alexis,Martinez,pgarcia@example.net,688.821.7648,INACTIVE,2025-09-18 12:32:53.941729
994,Mark,Molina,dustinpetty@example.org,001-422-428-0194x425,INACTIVE,2025-02-11 11:55:46.690388
995,Susan,Sullivan,nwhite@example.com,250.663.7311,ACTIVE,2025-07-20 20:59:00.904715
996,Laura,Hill,adamcaldwell@example.org,+1-841-485-2013,INACTIVE,2025-07-24 03:24:00.449147
997,Brian,Mueller,uperez@example.com,+1-356-715-4705x54912,INACTIVE,2024-12-06 04:13:12.890848
998,Tiffany,Adams,knightsamantha@example.com,964-709-1969x39578,ACTIVE,2026-05-14 22:26:10.677501
999,Brian,Lara,andrewjackson@example.org,+1-801-897-1212x41393,ACTIVE,2025-09-07 00:58:16.001817
1000,Ashley,Gibson,knightalexandra@example.org,426-977-3192,INACTIVE,2026-01-23 07:16:58.507275
522,Peter,Jensen,zpoole@example.net,(826)626-5826x31281,ACTIVE,2026-06-07 15:56:09.717412
738,Rachel,Turner,stephen31@example.net,001-207-920-1137x9844,INACTIVE,2024-11-19 05:35:32.102544
741,Amy,Brooks,jessica82@example.com,001-856-729-6575x4278,INACTIVE,2026-09-06 06:41:43.622064
661,Christopher,Schneider,bliu@example.com,001-250-223-2902x8227,ACTIVE,2025-12-13 12:30:04.259482
412,Lance,Garrett,johnsonryan@example.org,001-754-531-7350,ACTIVE,2026-08-24 05:57:12.594855
679,Melissa,Washington,linda52@example.org,301-539-4884x88269,ACTIVE,2024-12-11 04:56:14.572399
627,Dwayne,Davila,reyestina@example.org,546-260-2416x13944,INACTIVE,2025-07-04 09:03:46.720675
514,Tiffany,Lewis,mirandacisneros@example.net,(544)621-2146x14768,INACTIVE,2025-02-15 11:18:08.988850
860,Andrew,Floyd,hpowell@example.com,406.373.6820x5068,ACTIVE,2026-01-28 07:50:01.013958
137,Megan,Harvey,stephanie72@example.org,(588)676-7677x2190,ACTIVE,2024-10-27 21:19:29.448954
812,Alyssa,Willis,kevin37@example.org,001-947-864-2737x203,INACTIVE,2025-03-12 21:18:17.000420
77,Jeffrey,Hayes,sarah60@example.com,653.961.5305x15220,INACTIVE,2026-02-24 11:19:48.960975
637,Richard,Meyer,eatkins@example.com,781-898-0770x460,INACTIVE,2026-03-11 11:38:57.172020
974,Jeffrey,Tate,pearsonvicki@example.org,(517)646-9029x83104,ACTIVE,2024-11-21 20:39:10.659920
939,Kendra,Smith,amoon@example.com,859-667-1500x666,INACTIVE,2024-12-10 05:30:45.977277
900,Martin,Novak,michael84@example.com,736-921-3009x6258,INACTIVE,2025-08-11 02:57:06.369781
281,Nicole,Hall,tiffany01@example.org,513.696.6055x830,ACTIVE,2025-04-07 20:27:22.162326
884,David,Hardy,fmclaughlin@example.org,(964)330-9544,INACTIVE,2025-02-12 19:52:35.639911
762,Tina,Fuller,elarson@example.com,(651)422-1500x1418,INACTIVE,2026-04-29 14:34:26.571321
320,Corey,Rojas,nicholaswalker@example.com,001-870-762-3972,ACTIVE,2025-01-11 15:30:37.823011
